fecha,competicion,local,visitante,goles_local,goles_visitante
2023-01-02,AFF Championship,Thailand,Cambodia,3.0,1.0
2023-01-02,AFF Championship,Philippines,Indonesia,1.0,2.0
2023-01-03,AFF Championship,Vietnam,Myanmar,3.0,0.0
2023-01-03,AFF Championship,Malaysia,Singapore,4.0,1.0
2023-01-06,Gulf Cup,Iraq,Oman,0.0,0.0
2023-01-06,Gulf Cup,Yemen,Saudi Arabia,0.0,2.0
2023-01-06,AFF Championship,Indonesia,Vietnam,0.0,0.0
2023-01-07,Gulf Cup,Bahrain,United Arab Emirates,2.0,1.0
2023-01-07,Gulf Cup,Kuwait,Qatar,0.0,2.0
2023-01-07,AFF Championship,Malaysia,Thailand,1.0,0.0
2023-01-08,Friendly,Iceland,Estonia,1.0,1.0
2023-01-09,Friendly,Sweden,Finland,2.0,0.0
2023-01-09,Gulf Cup,Oman,Yemen,3.0,2.0
2023-01-09,Gulf Cup,Iraq,Saudi Arabia,2.0,0.0
2023-01-09,AFF Championship,Vietnam,Indonesia,2.0,0.0
2023-01-10,Gulf Cup,United Arab Emirates,Kuwait,0.0,1.0
2023-01-10,Gulf Cup,Qatar,Bahrain,1.0,2.0
2023-01-10,AFF Championship,Thailand,Malaysia,3.0,0.0
2023-01-12,Friendly,Finland,Estonia,0.0,1.0
2023-01-12,Friendly,Sweden,Iceland,2.0,1.0
2023-01-12,Gulf Cup,Iraq,Yemen,5.0,0.0
2023-01-12,Gulf Cup,Saudi Arabia,Oman,1.0,2.0
2023-01-13,Gulf Cup,Bahrain,Kuwait,1.0,1.0
2023-01-13,Gulf Cup,Qatar,United Arab Emirates,1.0,1.0
2023-01-13,AFF Championship,Vietnam,Thailand,2.0,2.0
2023-01-16,Gulf Cup,Iraq,Qatar,2.0,1.0
2023-01-16,Gulf Cup,Bahrain,Oman,0.0,1.0
2023-01-16,AFF Championship,Thailand,Vietnam,1.0,0.0
2023-01-19,Gulf Cup,Iraq,Oman,3.0,2.0
2023-01-25,Friendly,United States,Serbia,1.0,2.0
2023-01-28,Friendly,United States,Colombia,0.0,0.0
2023-02-22,Friendly,Grenada,Barbados,1.0,1.0
2023-02-26,Friendly,Grenada,Barbados,2.0,2.0
2023-03-03,Friendly,Grenada,Saint Lucia,1.0,2.0
2023-03-04,Friendly,Saint Barthélemy,Sint Maarten,5.0,1.0
2023-03-05,Friendly,Grenada,Saint Lucia,2.0,0.0
2023-03-10,Friendly,Saint Martin,Saint Barthélemy,3.0,2.0
2023-03-11,Friendly,Jamaica,Trinidad and Tobago,0.0,1.0
2023-03-12,Friendly,Guatemala,Panama,1.0,1.0
2023-03-14,Friendly,Jamaica,Trinidad and Tobago,0.0,0.0
2023-03-15,Friendly,Bangladesh,Malawi,1.0,1.0
2023-03-19,Friendly,Ethiopia,Rwanda,1.0,0.0
2023-03-20,Friendly,Fiji,Vanuatu,1.0,2.0
2023-03-21,Friendly,Maldives,Pakistan,1.0,0.0
2023-03-21,Friendly,Tahiti,New Caledonia,0.0,2.0
2023-03-22,Friendly,Honduras,El Salvador,1.0,0.0
2023-03-22,Tri Nation Tournament,India,Myanmar,1.0,0.0
2023-03-22,Tri Nation Tournament,Nepal,Laos,2.0,0.0
2023-03-22,Friendly,Republic of Ireland,Latvia,3.0,2.0
2023-03-22,African Cup of Nations qualification,Sierra Leone,São Tomé and Príncipe,2.0,2.0
2023-03-22,African Cup of Nations qualification,Benin,Rwanda,1.0,1.0
2023-03-23,Friendly,Argentina,Panama,2.0,0.0
2023-03-23,Friendly,Hong Kong,Singapore,1.0,1.0
2023-03-23,Friendly,Hungary,Estonia,1.0,0.0
2023-03-23,Friendly,Iran,Russia,1.0,1.0
2023-03-23,Friendly,Malaysia,Turkmenistan,1.0,0.0
2023-03-23,Friendly,New Zealand,China,0.0,0.0
2023-03-23,Friendly,Solomon Islands,Vanuatu,2.0,0.0
2023-03-23,African Cup of Nations qualification,Madagascar,Central African Republic,0.0,3.0
2023-03-23,African Cup of Nations qualification,Ghana,Angola,1.0,0.0
2023-03-23,African Cup of Nations qualification,Algeria,Niger,2.0,1.0
2023-03-23,African Cup of Nations qualification,Congo,South Sudan,1.0,2.0
2023-03-23,African Cup of Nations qualification,Zambia,Lesotho,3.0,1.0
2023-03-23,African Cup of Nations qualification,Gabon,Sudan,1.0,0.0
2023-03-23,UEFA Euro qualification,Italy,England,1.0,2.0
2023-03-23,UEFA Euro qualification,North Macedonia,Malta,2.0,1.0
2023-03-23,UEFA Euro qualification,Denmark,Finland,3.0,1.0
2023-03-23,UEFA Euro qualification,San Marino,Northern Ireland,0.0,2.0
2023-03-23,UEFA Euro qualification,Kazakhstan,Slovenia,1.0,2.0
2023-03-23,UEFA Euro qualification,Portugal,Liechtenstein,4.0,0.0
2023-03-23,UEFA Euro qualification,Bosnia and Herzegovina,Iceland,3.0,0.0
2023-03-23,UEFA Euro qualification,Slovakia,Luxembourg,0.0,0.0
2023-03-23,CONCACAF Nations League,Suriname,Mexico,0.0,2.0
2023-03-23,CONCACAF Nations League,Barbados,Cuba,0.0,1.0
2023-03-23,CONCACAF Nations League,Guadeloupe,Antigua and Barbuda,0.0,1.0
2023-03-23,CONCACAF Nations League,French Guiana,Dominican Republic,1.0,1.0
2023-03-23,CONCACAF Nations League,Saint Martin,Saint Kitts and Nevis,1.0,3.0
2023-03-23,CONCACAF Nations League,British Virgin Islands,Puerto Rico,1.0,3.0
2023-03-24,Friendly,Australia,Ecuador,3.0,1.0
2023-03-24,Friendly,Japan,Uruguay,1.0,1.0
2023-03-24,Friendly,South Korea,Colombia,2.0,2.0
2023-03-24,Friendly,Kuwait,Philippines,2.0,0.0
2023-03-24,Friendly,Saudi Arabia,Venezuela,1.0,2.0
2023-03-24,Friendly,Tahiti,New Caledonia,2.0,1.0
2023-03-24,Friendly,Uzbekistan,Bolivia,1.0,0.0
2023-03-24,African Cup of Nations qualification,Nigeria,Guinea-Bissau,0.0,1.0
2023-03-24,African Cup of Nations qualification,Cape Verde,Eswatini,0.0,0.0
2023-03-24,African Cup of Nations qualification,Burkina Faso,Togo,1.0,0.0
2023-03-24,African Cup of Nations qualification,Cameroon,Namibia,1.0,1.0
2023-03-24,African Cup of Nations qualification,Guinea,Ethiopia,2.0,0.0
2023-03-24,African Cup of Nations qualification,Egypt,Malawi,2.0,0.0
2023-03-24,African Cup of Nations qualification,Uganda,Tanzania,0.0,1.0
2023-03-24,African Cup of Nations qualification,Mali,Gambia,2.0,0.0
2023-03-24,African Cup of Nations qualification,Ivory Coast,Comoros,3.0,1.0
2023-03-24,African Cup of Nations qualification,DR Congo,Mauritania,3.0,1.0
2023-03-24,African Cup of Nations qualification,Equatorial Guinea,Botswana,2.0,0.0
2023-03-24,African Cup of Nations qualification,Tunisia,Libya,3.0,0.0
2023-03-24,African Cup of Nations qualification,South Africa,Liberia,2.0,2.0
2023-03-24,African Cup of Nations qualification,Senegal,Mozambique,5.0,1.0
2023-03-24,UEFA Euro qualification,Gibraltar,Greece,0.0,3.0
2023-03-24,UEFA Euro qualification,France,Netherlands,4.0,0.0
2023-03-24,UEFA Euro qualification,Czech Republic,Poland,3.0,1.0
2023-03-24,UEFA Euro qualification,Moldova,Faroe Islands,1.0,1.0
2023-03-24,UEFA Euro qualification,Austria,Azerbaijan,4.0,1.0
2023-03-24,UEFA Euro qualification,Sweden,Belgium,0.0,3.0
2023-03-24,UEFA Euro qualification,Bulgaria,Montenegro,0.0,1.0
2023-03-24,UEFA Euro qualification,Serbia,Lithuania,2.0,0.0
2023-03-24,CONCACAF Nations League,Grenada,United States,1.0,7.0
2023-03-24,CONCACAF Nations League,Bahamas,Trinidad and Tobago,0.0,3.0
2023-03-24,CONCACAF Nations League,Nicaragua,Saint Vincent and the Grenadines,4.0,1.0
2023-03-24,CONCACAF Nations League,Belize,Guatemala,1.0,2.0
2023-03-24,CONCACAF Nations League,Anguilla,Saint Lucia,1.0,2.0
2023-03-25,Friendly,Bahrain,Palestine,1.0,2.0
2023-03-25,Friendly,Bangladesh,Seychelles,1.0,0.0
2023-03-25,Tri Nation Tournament,Bhutan,Laos,1.0,2.0
2023-03-25,Friendly,Georgia,Mongolia,6.0,1.0
2023-03-25,Friendly,Germany,Peru,2.0,0.0
2023-03-25,Friendly,Indonesia,Burundi,3.0,1.0
2023-03-25,Friendly,Morocco,Brazil,2.0,1.0
2023-03-25,Tri Nation Tournament,Myanmar,Kyrgyzstan,1.0,1.0
2023-03-25,Friendly,Thailand,Syria,1.0,3.0
2023-03-25,Friendly,United Arab Emirates,Tajikistan,0.0,0.0
2023-03-25,UEFA Euro qualification,Scotland,Cyprus,3.0,0.0
2023-03-25,UEFA Euro qualification,Spain,Norway,3.0,0.0
2023-03-25,UEFA Euro qualification,Croatia,Wales,1.0,1.0
2023-03-25,UEFA Euro qualification,Armenia,Turkey,1.0,2.0
2023-03-25,UEFA Euro qualification,Belarus,Switzerland,0.0,5.0
2023-03-25,UEFA Euro qualification,Israel,Kosovo,1.0,1.0
2023-03-25,UEFA Euro qualification,Andorra,Romania,0.0,2.0
2023-03-25,CONCACAF Nations League,Martinique,Costa Rica,1.0,2.0
2023-03-25,CONCACAF Nations League,Curaçao,Canada,0.0,2.0
2023-03-25,CONCACAF Nations League,Bermuda,Guyana,0.0,2.0
2023-03-25,CONCACAF Nations League,Montserrat,Haiti,0.0,4.0
2023-03-25,CONCACAF Nations League,Sint Maarten,Bonaire,6.0,1.0
2023-03-25,CONCACAF Nations League,Turks and Caicos Islands,United States Virgin Islands,1.0,0.0
2023-03-26,Friendly,Fiji,Solomon Islands,0.0,2.0
2023-03-26,Friendly,Macau,Singapore,0.0,1.0
2023-03-26,Friendly,New Zealand,China,2.0,1.0
2023-03-26,Friendly,Russia,Iraq,2.0,0.0
2023-03-26,African Cup of Nations qualification,São Tomé and Príncipe,Sierra Leone,0.0,2.0
2023-03-26,African Cup of Nations qualification,Lesotho,Zambia,0.0,2.0
2023-03-26,UEFA Euro qualification,England,Ukraine,2.0,0.0
2023-03-26,UEFA Euro qualification,Malta,Italy,0.0,2.0
2023-03-26,UEFA Euro qualification,Slovenia,San Marino,2.0,0.0
2023-03-26,UEFA Euro qualification,Kazakhstan,Denmark,3.0,2.0
2023-03-26,UEFA Euro qualification,Northern Ireland,Finland,0.0,1.0
2023-03-26,UEFA Euro qualification,Liechtenstein,Iceland,0.0,7.0
2023-03-26,UEFA Euro qualification,Luxembourg,Portugal,0.0,6.0
2023-03-26,UEFA Euro qualification,Slovakia,Bosnia and Herzegovina,2.0,0.0
2023-03-26,CONCACAF Nations League,Mexico,Jamaica,2.0,2.0
2023-03-26,CONCACAF Nations League,Antigua and Barbuda,Barbados,1.0,2.0
2023-03-26,CONCACAF Nations League,Cuba,Guadeloupe,1.0,0.0
2023-03-26,CONCACAF Nations League,Puerto Rico,Cayman Islands,5.0,1.0
2023-03-27,Friendly,Chile,Paraguay,3.0,2.0
2023-03-27,Friendly,Greece,Lithuania,0.0,0.0
2023-03-27,Friendly,North Macedonia,Faroe Islands,1.0,0.0
2023-03-27,Friendly,Oman,Lebanon,2.0,0.0
2023-03-27,African Cup of Nations qualification,Guinea-Bissau,Nigeria,0.0,1.0
2023-03-27,African Cup of Nations qualification,Ethiopia,Guinea,2.0,3.0
2023-03-27,African Cup of Nations qualification,Central African Republic,Madagascar,2.0,0.0
2023-03-27,African Cup of Nations qualification,Angola,Ghana,1.0,1.0
2023-03-27,African Cup of Nations qualification,Niger,Algeria,0.0,1.0
2023-03-27,African Cup of Nations qualification,South Sudan,Congo,0.0,1.0
2023-03-27,African Cup of Nations qualification,Sudan,Gabon,1.0,0.0
2023-03-27,UEFA Euro qualification,Republic of Ireland,France,0.0,1.0
2023-03-27,UEFA Euro qualification,Netherlands,Gibraltar,3.0,0.0
2023-03-27,UEFA Euro qualification,Poland,Albania,1.0,0.0
2023-03-27,UEFA Euro qualification,Moldova,Czech Republic,0.0,0.0
2023-03-27,UEFA Euro qualification,Austria,Estonia,2.0,1.0
2023-03-27,UEFA Euro qualification,Sweden,Azerbaijan,5.0,0.0
2023-03-27,UEFA Euro qualification,Hungary,Bulgaria,3.0,0.0
2023-03-27,UEFA Euro qualification,Montenegro,Serbia,0.0,2.0
2023-03-27,CONCACAF Nations League,United States,El Salvador,1.0,0.0
2023-03-27,CONCACAF Nations League,Saint Vincent and the Grenadines,Bahamas,1.0,1.0
2023-03-27,CONCACAF Nations League,Trinidad and Tobago,Nicaragua,1.0,1.0
2023-03-27,CONCACAF Nations League,Dominican Republic,Belize,2.0,0.0
2023-03-27,CONCACAF Nations League,Guatemala,French Guiana,4.0,0.0
2023-03-27,CONCACAF Nations League,Saint Kitts and Nevis,Aruba,2.0,0.0
2023-03-27,CONCACAF Nations League,Saint Lucia,Dominica,3.0,1.0
2023-03-28,Friendly,Argentina,Curaçao,7.0,0.0
2023-03-28,Friendly,Armenia,Cyprus,2.0,2.0
2023-03-28,Friendly,Australia,Ecuador,1.0,2.0
2023-03-28,Friendly,Bahrain,Syria,1.0,0.0
2023-03-28,Friendly,Bangladesh,Seychelles,0.0,1.0
2023-03-28,Friendly,Germany,Belgium,2.0,3.0
2023-03-28,Tri Nation Tournament,India,Kyrgyzstan,2.0,0.0
2023-03-28,Friendly,Indonesia,Burundi,2.0,2.0
2023-03-28,Friendly,Iran,Kenya,2.0,1.0
2023-03-28,Friendly,Japan,Colombia,1.0,2.0
2023-03-28,Friendly,Jordan,Philippines,4.0,0.0
2023-03-28,Friendly,South Korea,Uruguay,1.0,2.0
2023-03-28,Friendly,Kuwait,Tajikistan,2.0,1.0
2023-03-28,Friendly,Malaysia,Hong Kong,2.0,0.0
2023-03-28,Friendly,Morocco,Peru,0.0,0.0
2023-03-28,Tri Nation Tournament,Nepal,Bhutan,1.0,1.0
2023-03-28,Friendly,Saudi Arabia,Bolivia,1.0,2.0
2023-03-28,Friendly,United Arab Emirates,Thailand,2.0,0.0
2023-03-28,Friendly,Uzbekistan,Venezuela,1.0,1.0
2023-03-28,African Cup of Nations qualification,Eswatini,Cape Verde,0.0,1.0
2023-03-28,African Cup of Nations qualification,Togo,Burkina Faso,1.0,1.0
2023-03-28,African Cup of Nations qualification,Namibia,Cameroon,2.0,1.0
2023-03-28,African Cup of Nations qualification,Malawi,Egypt,0.0,4.0
2023-03-28,African Cup of Nations qualification,Tanzania,Uganda,0.0,1.0
2023-03-28,African Cup of Nations qualification,Gambia,Mali,1.0,0.0
2023-03-28,African Cup of Nations qualification,Comoros,Ivory Coast,0.0,2.0
2023-03-28,African Cup of Nations qualification,Mauritania,DR Congo,1.0,1.0
2023-03-28,African Cup of Nations qualification,Botswana,Equatorial Guinea,2.0,3.0
2023-03-28,African Cup of Nations qualification,Libya,Tunisia,0.0,1.0
2023-03-28,African Cup of Nations qualification,Liberia,South Africa,1.0,2.0
2023-03-28,African Cup of Nations qualification,Mozambique,Senegal,0.0,1.0
2023-03-28,UEFA Euro qualification,Scotland,Spain,2.0,0.0
2023-03-28,UEFA Euro qualification,Georgia,Norway,1.0,1.0
2023-03-28,UEFA Euro qualification,Wales,Latvia,1.0,0.0
2023-03-28,UEFA Euro qualification,Turkey,Croatia,0.0,2.0
2023-03-28,UEFA Euro qualification,Kosovo,Andorra,1.0,1.0
2023-03-28,UEFA Euro qualification,Switzerland,Israel,3.0,0.0
2023-03-28,UEFA Euro qualification,Romania,Belarus,2.0,1.0
2023-03-28,CONCACAF Nations League,Costa Rica,Panama,0.0,1.0
2023-03-28,CONCACAF Nations League,Canada,Honduras,4.0,1.0
2023-03-28,CONCACAF Nations League,Haiti,Bermuda,3.0,1.0
2023-03-28,CONCACAF Nations League,Guyana,Montserrat,0.0,0.0
2023-03-28,CONCACAF Nations League,Bonaire,Turks and Caicos Islands,1.0,2.0
2023-03-28,CONCACAF Nations League,United States Virgin Islands,Sint Maarten,1.0,2.0
2023-03-29,African Cup of Nations qualification,Rwanda,Benin,1.0,1.0
2023-03-31,Tri Nation Tournament,Nepal,Laos,2.0,1.0
2023-04-19,Friendly,United States,Mexico,1.0,1.0
2023-06-07,Friendly,Mexico,Guatemala,2.0,0.0
2023-06-09,Friendly,Luxembourg,Malta,0.0,1.0
2023-06-10,Friendly,Mexico,Cameroon,2.0,2.0
2023-06-10,Friendly,Panama,Nicaragua,3.0,2.0
2023-06-11,Friendly,Chile,Cuba,3.0,0.0
2023-06-11,Friendly,Guatemala,Trinidad and Tobago,0.0,1.0
2023-06-11,CAFA Nations Cup,Tajikistan,Turkmenistan,1.0,1.0
2023-06-11,CAFA Nations Cup,Uzbekistan,Oman,3.0,0.0
2023-06-11,Mauritius Four Nations Cup,Mauritius,Pakistan,3.0,0.0
2023-06-12,Friendly,Germany,Ukraine,3.0,3.0
2023-06-12,Friendly,Morocco,Cape Verde,0.0,0.0
2023-06-13,CAFA Nations Cup,Iran,Afghanistan,6.0,1.0
2023-06-13,Friendly,Curaçao,Costa Rica,0.0,0.0
2023-06-14,Friendly,DR Congo,Uganda,1.0,0.0
2023-06-14,Friendly,Indonesia,Palestine,0.0,0.0
2023-06-14,Friendly,Malaysia,Solomon Islands,4.0,1.0
2023-06-14,Friendly,Mozambique,Malawi,1.0,1.0
2023-06-14,Friendly,Togo,Lesotho,2.0,0.0
2023-06-14,Friendly,Uruguay,Nicaragua,4.0,1.0
2023-06-14,UEFA Nations League,Netherlands,Croatia,2.0,4.0
2023-06-14,CAFA Nations Cup,Oman,Tajikistan,1.0,1.0
2023-06-14,CAFA Nations Cup,Uzbekistan,Turkmenistan,2.0,0.0
2023-06-14,Mauritius Four Nations Cup,Pakistan,Kenya,0.0,1.0
2023-06-14,Mauritius Four Nations Cup,Mauritius,Djibouti,1.0,3.0
2023-06-14,African Cup of Nations qualification,Guinea-Bissau,São Tomé and Príncipe,1.0,0.0
2023-06-14,African Cup of Nations qualification,Guinea,Egypt,1.0,2.0
2023-06-14,African Cup of Nations qualification,South Sudan,Gambia,2.0,3.0
2023-06-15,CONCACAF Nations League,Panama,Canada,0.0,2.0
2023-06-15,CONCACAF Nations League,United States,Mexico,3.0,0.0
2023-06-15,Friendly,Argentina,Australia,2.0,0.0
2023-06-15,Friendly,Cambodia,Bangladesh,0.0,1.0
2023-06-15,Friendly,Costa Rica,Guatemala,0.0,1.0
2023-06-15,Friendly,Honduras,Venezuela,0.0,1.0
2023-06-15,Friendly,Jamaica,Qatar,1.0,2.0
2023-06-15,Friendly,Japan,El Salvador,6.0,0.0
2023-06-15,Friendly,Philippines,Nepal,1.0,0.0
2023-06-15,Friendly,Vietnam,Hong Kong,1.0,0.0
2023-06-15,UEFA Nations League,Spain,Italy,2.0,1.0
2023-06-16,Gold Cup qualification,Antigua and Barbuda,Guadeloupe,0.0,5.0
2023-06-16,Gold Cup qualification,Martinique,Saint Lucia,3.0,1.0
2023-06-16,Gold Cup qualification,Curaçao,Saint Kitts and Nevis,1.0,1.0
2023-06-16,Friendly,Chile,Dominican Republic,5.0,0.0
2023-06-16,Friendly,China,Myanmar,4.0,0.0
2023-06-16,Friendly,Taiwan,Thailand,2.0,2.0
2023-06-16,Friendly,Colombia,Iraq,1.0,0.0
2023-06-16,Friendly,South Korea,Peru,0.0,1.0
2023-06-16,Friendly,Poland,Germany,1.0,0.0
2023-06-16,Friendly,Serbia,Jordan,3.0,2.0
2023-06-16,Friendly,Singapore,Papua New Guinea,2.0,2.0
2023-06-16,Friendly,Sweden,New Zealand,4.0,1.0
2023-06-16,UEFA Euro qualification,Gibraltar,France,0.0,3.0
2023-06-16,UEFA Euro qualification,Greece,Republic of Ireland,2.0,1.0
2023-06-16,UEFA Euro qualification,Malta,England,0.0,4.0
2023-06-16,UEFA Euro qualification,North Macedonia,Ukraine,2.0,3.0
2023-06-16,UEFA Euro qualification,Wales,Armenia,2.0,4.0
2023-06-16,UEFA Euro qualification,Latvia,Turkey,2.0,3.0
2023-06-16,UEFA Euro qualification,Finland,Slovenia,2.0,0.0
2023-06-16,UEFA Euro qualification,Denmark,Northern Ireland,1.0,0.0
2023-06-16,UEFA Euro qualification,San Marino,Kazakhstan,0.0,3.0
2023-06-16,UEFA Euro qualification,Andorra,Switzerland,1.0,2.0
2023-06-16,UEFA Euro qualification,Belarus,Israel,1.0,2.0
2023-06-16,UEFA Euro qualification,Kosovo,Romania,0.0,0.0
2023-06-16,CAFA Nations Cup,Kyrgyzstan,Iran,1.0,5.0
2023-06-17,Gold Cup qualification,Guyana,Grenada,1.0,1.0
2023-06-17,Gold Cup qualification,Suriname,Puerto Rico,0.0,0.0
2023-06-17,Gold Cup qualification,French Guiana,Sint Maarten,4.0,1.0
2023-06-17,Friendly,Brazil,Guinea,4.0,1.0
2023-06-17,Friendly,Ecuador,Bolivia,1.0,0.0
2023-06-17,UEFA Euro qualification,Norway,Scotland,1.0,2.0
2023-06-17,UEFA Euro qualification,Cyprus,Georgia,1.0,2.0
2023-06-17,UEFA Euro qualification,Faroe Islands,Czech Republic,0.0,3.0
2023-06-17,UEFA Euro qualification,Albania,Moldova,2.0,0.0
2023-06-17,UEFA Euro qualification,Azerbaijan,Estonia,1.0,1.0
2023-06-17,UEFA Euro qualification,Belgium,Austria,1.0,1.0
2023-06-17,UEFA Euro qualification,Lithuania,Bulgaria,1.0,1.0
2023-06-17,UEFA Euro qualification,Montenegro,Hungary,0.0,0.0
2023-06-17,UEFA Euro qualification,Luxembourg,Liechtenstein,2.0,0.0
2023-06-17,UEFA Euro qualification,Iceland,Slovakia,1.0,2.0
2023-06-17,UEFA Euro qualification,Portugal,Bosnia and Herzegovina,3.0,0.0
2023-06-17,CONIFA World Football Cup qualification,Ticino,Raetia,1.0,8.0
2023-06-17,CAFA Nations Cup,Turkmenistan,Oman,0.0,2.0
2023-06-17,CAFA Nations Cup,Uzbekistan,Tajikistan,5.0,1.0
2023-06-17,Mauritius Four Nations Cup,Djibouti,Pakistan,3.0,1.0
2023-06-17,African Cup of Nations qualification,Central African Republic,Angola,1.0,2.0
2023-06-17,African Cup of Nations qualification,Zambia,Ivory Coast,3.0,0.0
2023-06-17,African Cup of Nations qualification,Lesotho,Comoros,0.0,1.0
2023-06-17,African Cup of Nations qualification,Equatorial Guinea,Tunisia,1.0,0.0
2023-06-17,African Cup of Nations qualification,Botswana,Libya,1.0,0.0
2023-06-17,African Cup of Nations qualification,South Africa,Morocco,2.0,1.0
2023-06-17,African Cup of Nations qualification,Benin,Senegal,1.0,1.0
2023-06-18,CONCACAF Nations League,Panama,Mexico,0.0,1.0
2023-06-18,CONCACAF Nations League,United States,Canada,2.0,0.0
2023-06-18,Friendly,Egypt,South Sudan,3.0,0.0
2023-06-18,Friendly,Guatemala,Venezuela,0.0,1.0
2023-06-18,Friendly,Paraguay,Nicaragua,2.0,0.0
2023-06-18,Friendly,Singapore,Solomon Islands,1.0,1.0
2023-06-18,UEFA Nations League,Netherlands,Italy,2.0,3.0
2023-06-18,UEFA Nations League,Croatia,Spain,0.0,0.0
2023-06-18,Mauritius Four Nations Cup,Mauritius,Kenya,1.0,0.0
2023-06-18,African Cup of Nations qualification,Sierra Leone,Nigeria,2.0,3.0
2023-06-18,African Cup of Nations qualification,Cape Verde,Burkina Faso,3.0,1.0
2023-06-18,African Cup of Nations qualification,Eswatini,Togo,0.0,2.0
2023-06-18,African Cup of Nations qualification,Madagascar,Ghana,0.0,0.0
2023-06-18,African Cup of Nations qualification,Tanzania,Niger,1.0,0.0
2023-06-18,African Cup of Nations qualification,Uganda,Algeria,1.0,2.0
2023-06-18,African Cup of Nations qualification,Congo,Mali,0.0,2.0
2023-06-18,African Cup of Nations qualification,Gabon,DR Congo,0.0,2.0
2023-06-18,African Cup of Nations qualification,Rwanda,Mozambique,0.0,2.0
2023-06-19,Friendly,Hong Kong,Thailand,0.0,1.0
2023-06-19,Friendly,Indonesia,Argentina,0.0,2.0
2023-06-19,Friendly,Jamaica,Jordan,1.0,2.0
2023-06-19,Friendly,Macau,Myanmar,0.0,2.0
2023-06-19,Friendly,Philippines,Taiwan,2.0,3.0
2023-06-19,UEFA Euro qualification,Republic of Ireland,Gibraltar,3.0,0.0
2023-06-19,UEFA Euro qualification,France,Greece,1.0,0.0
2023-06-19,UEFA Euro qualification,Ukraine,Malta,1.0,0.0
2023-06-19,UEFA Euro qualification,England,North Macedonia,7.0,0.0
2023-06-19,UEFA Euro qualification,Armenia,Latvia,2.0,1.0
2023-06-19,UEFA Euro qualification,Turkey,Wales,2.0,0.0
2023-06-19,UEFA Euro qualification,Finland,San Marino,6.0,0.0
2023-06-19,UEFA Euro qualification,Northern Ireland,Kazakhstan,0.0,1.0
2023-06-19,UEFA Euro qualification,Slovenia,Denmark,1.0,1.0
2023-06-19,UEFA Euro qualification,Belarus,Kosovo,2.0,1.0
2023-06-19,UEFA Euro qualification,Switzerland,Romania,2.0,2.0
2023-06-19,UEFA Euro qualification,Israel,Andorra,2.0,1.0
2023-06-20,Gold Cup qualification,Guadeloupe,Guyana,2.0,0.0
2023-06-20,Gold Cup qualification,Martinique,Puerto Rico,2.0,0.0
2023-06-20,Gold Cup qualification,Saint Kitts and Nevis,French Guiana,1.0,1.0
2023-06-20,Friendly,Algeria,Tunisia,1.0,1.0
2023-06-20,Friendly,Bolivia,Chile,0.0,0.0
2023-06-20,Friendly,Brazil,Senegal,2.0,4.0
2023-06-20,Friendly,China,Palestine,2.0,0.0
2023-06-20,Friendly,Ecuador,Costa Rica,3.0,1.0
2023-06-20,Friendly,Germany,Colombia,0.0,2.0
2023-06-20,Friendly,Haiti,Trinidad and Tobago,0.0,0.0
2023-06-20,Friendly,Japan,Peru,4.0,1.0
2023-06-20,Friendly,South Korea,El Salvador,1.0,1.0
2023-06-20,Friendly,Malaysia,Papua New Guinea,10.0,0.0
2023-06-20,Friendly,Montenegro,Czech Republic,1.0,4.0
2023-06-20,Friendly,Uruguay,Cuba,2.0,0.0
2023-06-20,Friendly,Vietnam,Syria,1.0,0.0
2023-06-20,UEFA Euro qualification,Scotland,Georgia,2.0,0.0
2023-06-20,UEFA Euro qualification,Norway,Cyprus,3.0,1.0
2023-06-20,UEFA Euro qualification,Faroe Islands,Albania,1.0,3.0
2023-06-20,UEFA Euro qualification,Moldova,Poland,3.0,2.0
2023-06-20,UEFA Euro qualification,Austria,Sweden,2.0,0.0
2023-06-20,UEFA Euro qualification,Estonia,Belgium,0.0,3.0
2023-06-20,UEFA Euro qualification,Hungary,Lithuania,2.0,0.0
2023-06-20,UEFA Euro qualification,Bulgaria,Serbia,1.0,1.0
2023-06-20,UEFA Euro qualification,Iceland,Portugal,0.0,1.0
2023-06-20,UEFA Euro qualification,Bosnia and Herzegovina,Luxembourg,0.0,2.0
2023-06-20,UEFA Euro qualification,Liechtenstein,Slovakia,0.0,1.0
2023-06-20,CAFA Nations Cup,Kyrgyzstan,Oman,0.0,1.0
2023-06-20,CAFA Nations Cup,Uzbekistan,Iran,0.0,1.0
2023-06-20,African Cup of Nations qualification,Burundi,Namibia,3.0,2.0
2023-06-20,African Cup of Nations qualification,Ethiopia,Malawi,0.0,0.0
2023-06-20,African Cup of Nations qualification,Sudan,Mauritania,0.0,3.0
2023-06-21,SAFF Cup,Kuwait,Nepal,3.0,1.0
2023-06-21,SAFF Cup,India,Pakistan,4.0,0.0
2023-06-22,SAFF Cup,Lebanon,Bangladesh,2.0,0.0
2023-06-22,SAFF Cup,Maldives,Bhutan,2.0,0.0
2023-06-24,SAFF Cup,Pakistan,Kuwait,0.0,4.0
2023-06-24,SAFF Cup,India,Nepal,2.0,0.0
2023-06-24,Gold Cup,United States,Jamaica,1.0,1.0
2023-06-25,SAFF Cup,Bangladesh,Maldives,3.0,1.0
2023-06-25,SAFF Cup,Bhutan,Lebanon,1.0,4.0
2023-06-25,Gold Cup,Trinidad and Tobago,Saint Kitts and Nevis,3.0,0.0
2023-06-25,Gold Cup,Haiti,Qatar,2.0,1.0
2023-06-25,Gold Cup,Mexico,Honduras,4.0,0.0
2023-06-26,Gold Cup,El Salvador,Martinique,1.0,2.0
2023-06-26,Gold Cup,Costa Rica,Panama,1.0,2.0
2023-06-27,SAFF Cup,Nepal,Pakistan,1.0,0.0
2023-06-27,SAFF Cup,India,Kuwait,1.0,1.0
2023-06-27,Gold Cup,Canada,Guadeloupe,2.0,2.0
2023-06-27,Gold Cup,Guatemala,Cuba,1.0,0.0
2023-06-28,SAFF Cup,Lebanon,Maldives,1.0,0.0
2023-06-28,SAFF Cup,Bhutan,Bangladesh,1.0,3.0
2023-06-28,Gold Cup,Jamaica,Trinidad and Tobago,4.0,1.0
2023-06-28,Gold Cup,United States,Saint Kitts and Nevis,6.0,0.0
2023-06-29,Gold Cup,Qatar,Honduras,1.0,1.0
2023-06-29,Gold Cup,Haiti,Mexico,1.0,3.0
2023-06-30,CONIFA World Football Cup qualification,Székely Land,Chameria,3.0,2.0
2023-06-30,Gold Cup,Martinique,Panama,1.0,2.0
2023-06-30,Gold Cup,El Salvador,Costa Rica,0.0,0.0
2023-07-01,CONIFA World Football Cup qualification,Chameria,Two Sicilies,3.0,1.0
2023-07-01,SAFF Cup,India,Lebanon,0.0,0.0
2023-07-01,SAFF Cup,Kuwait,Bangladesh,1.0,0.0
2023-07-01,Gold Cup,Cuba,Guadeloupe,1.0,4.0
2023-07-01,Gold Cup,Guatemala,Canada,0.0,0.0
2023-07-02,CONIFA World Football Cup qualification,Székely Land,Two Sicilies,7.0,0.0
2023-07-02,Gold Cup,United States,Trinidad and Tobago,6.0,0.0
2023-07-02,Gold Cup,Jamaica,Saint Kitts and Nevis,5.0,0.0
2023-07-02,Gold Cup,Honduras,Haiti,2.0,1.0
2023-07-02,Gold Cup,Mexico,Qatar,0.0,1.0
2023-07-04,SAFF Cup,India,Kuwait,1.0,1.0
2023-07-04,Gold Cup,Costa Rica,Martinique,6.0,4.0
2023-07-04,Gold Cup,Panama,El Salvador,2.0,2.0
2023-07-04,Gold Cup,Guadeloupe,Guatemala,2.0,3.0
2023-07-04,Gold Cup,Canada,Cuba,4.0,2.0
2023-07-05,COSAFA Cup,Eswatini,Botswana,0.0,1.0
2023-07-05,COSAFA Cup,South Africa,Namibia,1.0,1.0
2023-07-06,COSAFA Cup,Seychelles,Comoros,0.0,3.0
2023-07-06,COSAFA Cup,Zambia,Malawi,0.0,1.0
2023-07-07,COSAFA Cup,Mauritius,Lesotho,0.0,2.0
2023-07-07,COSAFA Cup,Mozambique,Angola,1.0,1.0
2023-07-08,Gold Cup,Panama,Qatar,4.0,0.0
2023-07-08,Gold Cup,Mexico,Costa Rica,2.0,0.0
2023-07-08,COSAFA Cup,South Africa,Botswana,2.0,1.0
2023-07-08,COSAFA Cup,Namibia,Eswatini,1.0,2.0
2023-07-09,Gold Cup,Guatemala,Jamaica,0.0,1.0
2023-07-09,Gold Cup,United States,Canada,2.0,2.0
2023-07-09,Island Games,Åland Islands,Isle of Wight,0.0,2.0
2023-07-09,Island Games,Guernsey,Western Isles,1.0,0.0
2023-07-09,Island Games,Isle of Man,Falkland Islands,3.0,0.0
2023-07-09,Island Games,Ynys Môn,Shetland,2.0,0.0
2023-07-09,Island Games,Orkney,Greenland,2.0,2.0
2023-07-09,Island Games,Jersey,Gozo,1.0,0.0
2023-07-09,Island Games,Menorca,Saint Helena,5.0,0.0
2023-07-09,COSAFA Cup,Zambia,Comoros,2.0,1.0
2023-07-09,COSAFA Cup,Malawi,Seychelles,2.0,0.0
2023-07-10,Island Games,Western Isles,Isle of Wight,0.0,1.0
2023-07-10,Island Games,Guernsey,Åland Islands,4.0,1.0
2023-07-10,Island Games,Falkland Islands,Ynys Môn,1.0,5.0
2023-07-10,Island Games,Shetland,Isle of Man,3.0,2.0
2023-07-10,Island Games,Greenland,Frøya,2.0,0.0
2023-07-10,Island Games,Gozo,Saint Helena,3.0,0.0
2023-07-10,Island Games,Jersey,Menorca,4.0,0.0
2023-07-10,COSAFA Cup,Angola,Mauritius,0.0,1.0
2023-07-10,COSAFA Cup,Mozambique,Lesotho,0.0,1.0
2023-07-11,Island Games,Guernsey,Isle of Wight,1.0,2.0
2023-07-11,Island Games,Åland Islands,Western Isles,0.0,2.0
2023-07-11,Island Games,Falkland Islands,Shetland,1.0,4.0
2023-07-11,Island Games,Isle of Man,Ynys Môn,1.0,2.0
2023-07-11,Island Games,Frøya,Orkney,2.0,3.0
2023-07-11,Island Games,Menorca,Gozo,0.0,1.0
2023-07-11,Island Games,Saint Helena,Jersey,0.0,5.0
2023-07-11,COSAFA Cup,Namibia,Botswana,0.0,0.0
2023-07-11,COSAFA Cup,South Africa,Eswatini,2.0,1.0
2023-07-11,COSAFA Cup,Malawi,Comoros,2.0,0.0
2023-07-11,COSAFA Cup,Seychelles,Zambia,2.0,4.0
2023-07-12,Gold Cup,United States,Panama,1.0,1.0
2023-07-12,Gold Cup,Jamaica,Mexico,0.0,3.0
2023-07-12,COSAFA Cup,Angola,Lesotho,4.0,2.0
2023-07-12,COSAFA Cup,Mauritius,Mozambique,0.0,1.0
2023-07-13,Island Games,Frøya,Saint Helena,4.0,2.0
2023-07-13,Island Games,Åland Islands,Falkland Islands,1.0,1.0
2023-07-13,Island Games,Western Isles,Menorca,2.0,1.0
2023-07-13,Island Games,Orkney,Isle of Man,0.0,1.0
2023-07-13,Island Games,Shetland,Greenland,5.0,1.0
2023-07-13,Island Games,Guernsey,Gozo,1.0,0.0
2023-07-13,Island Games,Isle of Wight,Jersey,2.0,3.0
2023-07-14,Island Games,Ynys Môn,Jersey,2.0,5.0
2023-07-14,COSAFA Cup,Malawi,Lesotho,1.0,1.0
2023-07-14,COSAFA Cup,South Africa,Zambia,1.0,2.0
2023-07-16,CONIFA World Football Cup qualification,Kernow,Sápmi,2.0,1.0
2023-07-16,Gold Cup,Mexico,Panama,1.0,0.0
2023-07-16,COSAFA Cup,South Africa,Malawi,0.0,0.0
2023-07-16,COSAFA Cup,Lesotho,Zambia,0.0,1.0
2023-08-02,Friendly,Ethiopia,Guyana,2.0,0.0
2023-08-04,CONIFA Asia Cup,Tamil Eelam,Hmong,3.0,0.0
2023-08-05,CONIFA Asia Cup,Hmong,Tibet,5.0,4.0
2023-08-06,CONIFA Asia Cup,Tibet,Tamil Eelam,1.0,3.0
2023-08-06,Friendly,Raetia,Ticino,5.0,1.0
2023-08-08,CONIFA Asia Cup,Tamil Eelam,Hmong,3.0,1.0
2023-08-24,Indian Ocean Island Games,Comoros,Mayotte,0.0,0.0
2023-08-24,Indian Ocean Island Games,Madagascar,Seychelles,1.0,0.0
2023-08-26,Indian Ocean Island Games,Réunion,Mayotte,0.0,0.0
2023-08-26,Indian Ocean Island Games,Madagascar,Mauritius,1.0,1.0
2023-08-27,Friendly,Bolivia,Panama,1.0,2.0
2023-08-28,Friendly,Tahiti,Cook Islands,9.0,1.0
2023-08-28,Indian Ocean Island Games,Comoros,Réunion,1.0,1.0
2023-08-28,Indian Ocean Island Games,Mauritius,Seychelles,1.0,0.0
2023-08-31,Friendly,Tahiti,Cook Islands,3.0,0.0
2023-08-31,Indian Ocean Island Games,Madagascar,Comoros,4.0,2.0
2023-08-31,Indian Ocean Island Games,Réunion,Mauritius,2.0,1.0
2023-09-02,Indian Ocean Island Games,Comoros,Mauritius,0.0,2.0
2023-09-02,Indian Ocean Island Games,Madagascar,Réunion,1.0,0.0
2023-09-03,Friendly,Bangladesh,Afghanistan,0.0,0.0
2023-09-03,Friendly,Guatemala,Honduras,0.0,0.0
2023-09-04,African Cup of Nations qualification,Mozambique,Benin,3.0,2.0
2023-09-06,Friendly,Macau,Bhutan,0.0,1.0
2023-09-06,Friendly,Malta,Gibraltar,1.0,0.0
2023-09-06,Friendly,Oman,Palestine,2.0,1.0
2023-09-06,Friendly,Syria,Malaysia,2.0,2.0
2023-09-06,African Cup of Nations qualification,Libya,Equatorial Guinea,1.0,1.0
2023-09-07,CONCACAF Nations League,Trinidad and Tobago,Curaçao,1.0,0.0
2023-09-07,CONCACAF Nations League,Panama,Martinique,3.0,0.0
2023-09-07,CONCACAF Nations League,Guatemala,El Salvador,2.0,0.0
2023-09-07,CONCACAF Nations League,Sint Maarten,Saint Lucia,1.0,5.0
2023-09-07,CONCACAF Nations League,Saint Kitts and Nevis,Guadeloupe,1.0,2.0
2023-09-07,CONCACAF Nations League,Anguilla,Saint Martin,0.0,6.0
2023-09-07,CONCACAF Nations League,United States Virgin Islands,Cayman Islands,2.0,2.0
2023-09-07,FIFA World Cup qualification,Colombia,Venezuela,1.0,0.0
2023-09-07,FIFA World Cup qualification,Paraguay,Peru,0.0,0.0
2023-09-07,FIFA World Cup qualification,Argentina,Ecuador,1.0,0.0
2023-09-07,Friendly,Austria,Moldova,1.0,1.0
2023-09-07,Friendly,Bahrain,Kuwait,1.0,3.0
2023-09-07,Friendly,Bangladesh,Afghanistan,1.0,1.0
2023-09-07,Friendly,Bulgaria,Iran,0.0,1.0
2023-09-07,Friendly,Cambodia,Hong Kong,1.0,1.0
2023-09-07,Friendly,Norway,Jordan,6.0,0.0
2023-09-07,Friendly,Qatar,Kenya,1.0,2.0
2023-09-07,Friendly,Wales,South Korea,0.0,0.0
2023-09-07,African Cup of Nations qualification,Ghana,Central African Republic,2.0,1.0
2023-09-07,African Cup of Nations qualification,Angola,Madagascar,0.0,0.0
2023-09-07,African Cup of Nations qualification,Algeria,Tanzania,0.0,0.0
2023-09-07,African Cup of Nations qualification,Niger,Uganda,0.0,2.0
2023-09-07,African Cup of Nations qualification,Tunisia,Botswana,3.0,0.0
2023-09-07,UEFA Euro qualification,France,Republic of Ireland,2.0,0.0
2023-09-07,UEFA Euro qualification,Netherlands,Greece,3.0,0.0
2023-09-07,UEFA Euro qualification,Czech Republic,Albania,1.0,1.0
2023-09-07,UEFA Euro qualification,Poland,Faroe Islands,2.0,0.0
2023-09-07,UEFA Euro qualification,Serbia,Hungary,1.0,2.0
2023-09-07,UEFA Euro qualification,Lithuania,Montenegro,2.0,2.0
2023-09-07,UEFA Euro qualification,Kazakhstan,Finland,0.0,1.0
2023-09-07,UEFA Euro qualification,Denmark,San Marino,4.0,0.0
2023-09-07,UEFA Euro qualification,Slovenia,Northern Ireland,4.0,2.0
2023-09-07,King's Cup,Iraq,India,2.0,2.0
2023-09-07,King's Cup,Thailand,Lebanon,2.0,1.0
2023-09-08,CONCACAF Nations League,Haiti,Cuba,0.0,0.0
2023-09-08,CONCACAF Nations League,Grenada,Suriname,1.0,1.0
2023-09-08,CONCACAF Nations League,Jamaica,Honduras,1.0,0.0
2023-09-08,CONCACAF Nations League,Barbados,Montserrat,2.0,3.0
2023-09-08,CONCACAF Nations League,Dominican Republic,Nicaragua,0.0,2.0
2023-09-08,CONCACAF Nations League,Bermuda,French Guiana,0.0,0.0
2023-09-08,CONCACAF Nations League,Belize,Saint Vincent and the Grenadines,1.0,2.0
2023-09-08,FIFA World Cup qualification,Uruguay,Chile,3.0,1.0
2023-09-08,FIFA World Cup qualification,Brazil,Bolivia,5.0,1.0
2023-09-08,Friendly,Taiwan,Philippines,1.0,1.0
2023-09-08,Friendly,Costa Rica,Saudi Arabia,3.0,1.0
2023-09-08,Friendly,Indonesia,Turkmenistan,2.0,0.0
2023-09-08,Friendly,Myanmar,Nepal,0.0,0.0
2023-09-08,Friendly,Singapore,Tajikistan,0.0,2.0
2023-09-08,African Cup of Nations qualification,Burkina Faso,Eswatini,0.0,0.0
2023-09-08,African Cup of Nations qualification,Egypt,Ethiopia,1.0,0.0
2023-09-08,African Cup of Nations qualification,Mali,South Sudan,4.0,0.0
2023-09-08,UEFA Euro qualification,Georgia,Spain,1.0,7.0
2023-09-08,UEFA Euro qualification,Cyprus,Scotland,0.0,3.0
2023-09-08,UEFA Euro qualification,Croatia,Latvia,5.0,0.0
2023-09-08,UEFA Euro qualification,Turkey,Armenia,1.0,1.0
2023-09-08,UEFA Euro qualification,Bosnia and Herzegovina,Liechtenstein,2.0,1.0
2023-09-08,UEFA Euro qualification,Luxembourg,Iceland,3.0,1.0
2023-09-08,UEFA Euro qualification,Slovakia,Portugal,0.0,1.0
2023-09-09,CONCACAF Nations League,Antigua and Barbuda,Guyana,1.0,5.0
2023-09-09,CONCACAF Nations League,Bahamas,Puerto Rico,1.0,6.0
2023-09-09,CONCACAF Nations League,British Virgin Islands,Turks and Caicos Islands,3.0,1.0
2023-09-09,Friendly,China,Malaysia,1.0,1.0
2023-09-09,Friendly,Germany,Japan,1.0,4.0
2023-09-09,Friendly,Mexico,Australia,2.0,2.0
2023-09-09,Friendly,South Africa,Namibia,0.0,0.0
2023-09-09,Friendly,United States,Uzbekistan,3.0,0.0
2023-09-09,African Cup of Nations qualification,Malawi,Guinea,2.0,2.0
2023-09-09,African Cup of Nations qualification,Ivory Coast,Lesotho,1.0,0.0
2023-09-09,African Cup of Nations qualification,Comoros,Zambia,1.0,1.0
2023-09-09,African Cup of Nations qualification,Mauritania,Gabon,2.0,1.0
2023-09-09,African Cup of Nations qualification,DR Congo,Sudan,2.0,0.0
2023-09-09,African Cup of Nations qualification,Rwanda,Senegal,1.0,1.0
2023-09-09,UEFA Euro qualification,Ukraine,England,1.0,1.0
2023-09-09,UEFA Euro qualification,North Macedonia,Italy,1.0,1.0
2023-09-09,UEFA Euro qualification,Azerbaijan,Belgium,0.0,1.0
2023-09-09,UEFA Euro qualification,Estonia,Sweden,0.0,5.0
2023-09-09,UEFA Euro qualification,Andorra,Belarus,0.0,0.0
2023-09-09,UEFA Euro qualification,Kosovo,Switzerland,2.0,2.0
2023-09-09,UEFA Euro qualification,Romania,Israel,1.0,1.0
2023-09-10,CONCACAF Nations League,Guatemala,Panama,1.0,1.0
2023-09-10,CONCACAF Nations League,El Salvador,Trinidad and Tobago,2.0,3.0
2023-09-10,CONCACAF Nations League,Martinique,Curaçao,1.0,0.0
2023-09-10,CONCACAF Nations League,Guadeloupe,Sint Maarten,4.0,0.0
2023-09-10,CONCACAF Nations League,Saint Lucia,Saint Kitts and Nevis,2.0,0.0
2023-09-10,Friendly,Hungary,Czech Republic,1.0,1.0
2023-09-10,African Cup of Nations qualification,Nigeria,São Tomé and Príncipe,6.0,0.0
2023-09-10,African Cup of Nations qualification,Togo,Cape Verde,3.0,2.0
2023-09-10,African Cup of Nations qualification,Gambia,Congo,2.0,2.0
2023-09-10,UEFA Euro qualification,Republic of Ireland,Netherlands,1.0,2.0
2023-09-10,UEFA Euro qualification,Greece,Gibraltar,5.0,0.0
2023-09-10,UEFA Euro qualification,Faroe Islands,Moldova,0.0,1.0
2023-09-10,UEFA Euro qualification,Albania,Poland,2.0,0.0
2023-09-10,UEFA Euro qualification,Montenegro,Bulgaria,2.0,1.0
2023-09-10,UEFA Euro qualification,Lithuania,Serbia,1.0,3.0
2023-09-10,UEFA Euro qualification,Finland,Denmark,0.0,1.0
2023-09-10,UEFA Euro qualification,Kazakhstan,Northern Ireland,1.0,0.0
2023-09-10,UEFA Euro qualification,San Marino,Slovenia,0.0,4.0
2023-09-10,King's Cup,Lebanon,India,1.0,0.0
2023-09-10,King's Cup,Thailand,Iraq,2.0,2.0
2023-09-11,CONCACAF Nations League,Dominican Republic,Montserrat,3.0,0.0
2023-09-11,CONCACAF Nations League,Nicaragua,Barbados,5.0,1.0
2023-09-11,CONCACAF Nations League,Saint Martin,Bonaire,2.0,1.0
2023-09-11,CONCACAF Nations League,Cayman Islands,Aruba,1.0,2.0
2023-09-11,Friendly,Cambodia,Macau,4.0,0.0
2023-09-11,Friendly,Hong Kong,Brunei,10.0,0.0
2023-09-11,Friendly,Kuwait,Kyrgyzstan,1.0,3.0
2023-09-11,Friendly,Myanmar,Nepal,1.0,0.0
2023-09-11,Friendly,Vietnam,Palestine,2.0,0.0
2023-09-11,African Cup of Nations qualification,Guinea-Bissau,Sierra Leone,2.0,1.0
2023-09-11,UEFA Euro qualification,Armenia,Croatia,0.0,1.0
2023-09-11,UEFA Euro qualification,Latvia,Wales,0.0,2.0
2023-09-11,UEFA Euro qualification,Iceland,Bosnia and Herzegovina,1.0,0.0
2023-09-11,UEFA Euro qualification,Portugal,Luxembourg,9.0,0.0
2023-09-11,UEFA Euro qualification,Slovakia,Liechtenstein,3.0,0.0
2023-09-12,CONCACAF Nations League,Cuba,Suriname,1.0,0.0
2023-09-12,CONCACAF Nations League,Jamaica,Haiti,2.0,2.0
2023-09-12,CONCACAF Nations League,Honduras,Grenada,4.0,0.0
2023-09-12,CONCACAF Nations League,Saint Vincent and the Grenadines,Bermuda,4.0,3.0
2023-09-12,CONCACAF Nations League,French Guiana,Belize,0.0,2.0
2023-09-12,CONCACAF Nations League,Guyana,Bahamas,3.0,2.0
2023-09-12,CONCACAF Nations League,Puerto Rico,Antigua and Barbuda,5.0,0.0
2023-09-12,CONCACAF Nations League,Turks and Caicos Islands,Dominica,0.0,3.0
2023-09-12,FIFA World Cup qualification,Bolivia,Argentina,0.0,3.0
2023-09-12,FIFA World Cup qualification,Ecuador,Uruguay,2.0,1.0
2023-09-12,FIFA World Cup qualification,Venezuela,Paraguay,1.0,0.0
2023-09-12,FIFA World Cup qualification,Peru,Brazil,0.0,1.0
2023-09-12,FIFA World Cup qualification,Chile,Colombia,0.0,0.0
2023-09-12,Friendly,Azerbaijan,Jordan,2.0,1.0
2023-09-12,Friendly,Bahrain,Turkmenistan,1.0,1.0
2023-09-12,Friendly,China,Syria,0.0,1.0
2023-09-12,Friendly,Egypt,Tunisia,1.0,3.0
2023-09-12,Friendly,Germany,France,2.0,1.0
2023-09-12,Friendly,Qatar,Russia,1.0,1.0
2023-09-12,Friendly,Ghana,Liberia,3.0,1.0
2023-09-12,Friendly,Iran,Angola,4.0,0.0
2023-09-12,Friendly,Japan,Turkey,4.0,2.0
2023-09-12,Friendly,Kenya,South Sudan,0.0,1.0
2023-09-12,Friendly,South Korea,Saudi Arabia,1.0,0.0
2023-09-12,Friendly,Mexico,Uzbekistan,3.0,3.0
2023-09-12,Friendly,Morocco,Burkina Faso,1.0,0.0
2023-09-12,Friendly,Philippines,Afghanistan,2.0,1.0
2023-09-12,Friendly,Scotland,England,1.0,3.0
2023-09-12,Friendly,Senegal,Algeria,0.0,1.0
2023-09-12,Friendly,Singapore,Taiwan,3.0,1.0
2023-09-12,Friendly,South Africa,DR Congo,1.0,0.0
2023-09-12,Friendly,United Arab Emirates,Costa Rica,4.0,1.0
2023-09-12,Friendly,United States,Oman,4.0,0.0
2023-09-12,African Cup of Nations qualification,Cameroon,Burundi,3.0,0.0
2023-09-12,UEFA Euro qualification,Norway,Georgia,2.0,1.0
2023-09-12,UEFA Euro qualification,Spain,Cyprus,6.0,0.0
2023-09-12,UEFA Euro qualification,Italy,Ukraine,2.0,1.0
2023-09-12,UEFA Euro qualification,Malta,North Macedonia,0.0,2.0
2023-09-12,UEFA Euro qualification,Belgium,Estonia,5.0,0.0
2023-09-12,UEFA Euro qualification,Sweden,Austria,1.0,3.0
2023-09-12,UEFA Euro qualification,Switzerland,Andorra,3.0,0.0
2023-09-12,UEFA Euro qualification,Israel,Belarus,1.0,0.0
2023-09-12,UEFA Euro qualification,Romania,Kosovo,2.0,0.0
2023-10-08,MSG Prime Minister's Cup,Papua New Guinea,Solomon Islands,1.0,3.0
2023-10-08,MSG Prime Minister's Cup,New Caledonia,Vanuatu,4.0,0.0
2023-10-10,Friendly,China,Vietnam,2.0,0.0
2023-10-11,Friendly,Wales,Gibraltar,4.0,0.0
2023-10-11,MSG Prime Minister's Cup,Solomon Islands,Vanuatu,1.0,0.0
2023-10-11,MSG Prime Minister's Cup,New Caledonia,Papua New Guinea,3.0,1.0
2023-10-12,CONCACAF Nations League,Suriname,Haiti,1.0,1.0
2023-10-12,CONCACAF Nations League,Grenada,Jamaica,1.0,4.0
2023-10-12,CONCACAF Nations League,Cuba,Honduras,0.0,0.0
2023-10-12,CONCACAF Nations League,Sint Maarten,Saint Kitts and Nevis,2.0,3.0
2023-10-12,CONCACAF Nations League,Saint Lucia,Guadeloupe,2.0,1.0
2023-10-12,CONCACAF Nations League,Bonaire,Anguilla,2.0,0.0
2023-10-12,CONCACAF Nations League,Dominica,British Virgin Islands,1.0,1.0
2023-10-12,FIFA World Cup qualification,Colombia,Uruguay,2.0,2.0
2023-10-12,FIFA World Cup qualification,Bolivia,Ecuador,1.0,2.0
2023-10-12,FIFA World Cup qualification,Argentina,Paraguay,1.0,0.0
2023-10-12,FIFA World Cup qualification,Brazil,Venezuela,1.0,1.0
2023-10-12,FIFA World Cup qualification,Chile,Peru,2.0,0.0
2023-10-12,FIFA World Cup qualification,Afghanistan,Mongolia,1.0,0.0
2023-10-12,FIFA World Cup qualification,Cambodia,Pakistan,0.0,0.0
2023-10-12,FIFA World Cup qualification,Taiwan,Timor-Leste,4.0,0.0
2023-10-12,FIFA World Cup qualification,Hong Kong,Bhutan,4.0,0.0
2023-10-12,FIFA World Cup qualification,Indonesia,Brunei,6.0,0.0
2023-10-12,FIFA World Cup qualification,Maldives,Bangladesh,1.0,1.0
2023-10-12,FIFA World Cup qualification,Myanmar,Macau,5.0,1.0
2023-10-12,FIFA World Cup qualification,Nepal,Laos,1.0,1.0
2023-10-12,FIFA World Cup qualification,Singapore,Guam,2.0,1.0
2023-10-12,FIFA World Cup qualification,Yemen,Sri Lanka,3.0,0.0
2023-10-12,Friendly,Algeria,Cape Verde,5.0,1.0
2023-10-12,Friendly,Bahrain,Kyrgyzstan,2.0,0.0
2023-10-12,Friendly,Egypt,Zambia,1.0,0.0
2023-10-12,Friendly,Georgia,Thailand,8.0,0.0
2023-10-12,Friendly,Montenegro,Lebanon,3.0,2.0
2023-10-12,Friendly,Russia,Cameroon,1.0,0.0
2023-10-12,Friendly,Sweden,Moldova,3.0,1.0
2023-10-12,UEFA Euro qualification,Spain,Scotland,2.0,0.0
2023-10-12,UEFA Euro qualification,Cyprus,Norway,0.0,4.0
2023-10-12,UEFA Euro qualification,Latvia,Armenia,2.0,0.0
2023-10-12,UEFA Euro qualification,Croatia,Turkey,0.0,1.0
2023-10-12,UEFA Euro qualification,Faroe Islands,Poland,0.0,2.0
2023-10-12,UEFA Euro qualification,Albania,Czech Republic,3.0,0.0
2023-10-12,UEFA Euro qualification,Andorra,Kosovo,0.0,3.0
2023-10-12,UEFA Euro qualification,Belarus,Romania,0.0,0.0
2023-10-13,CONCACAF Nations League,Curaçao,Panama,1.0,2.0
2023-10-13,CONCACAF Nations League,Martinique,El Salvador,1.0,0.0
2023-10-13,CONCACAF Nations League,Trinidad and Tobago,Guatemala,3.0,2.0
2023-10-13,CONCACAF Nations League,Montserrat,Nicaragua,0.0,3.0
2023-10-13,CONCACAF Nations League,Barbados,Dominican Republic,0.0,5.0
2023-10-13,CONCACAF Nations League,Saint Vincent and the Grenadines,French Guiana,1.0,4.0
2023-10-13,CONCACAF Nations League,Belize,Bermuda,0.0,1.0
2023-10-13,Friendly,DR Congo,New Zealand,1.0,1.0
2023-10-13,Friendly,England,Australia,1.0,0.0
2023-10-13,Friendly,Equatorial Guinea,Burkina Faso,0.0,0.0
2023-10-13,Friendly,Guinea,Guinea-Bissau,1.0,0.0
2023-10-13,Friendly,Iraq,Qatar,0.0,0.0
2023-10-13,Friendly,Japan,Canada,4.0,1.0
2023-10-13,Friendly,South Korea,Tunisia,4.0,0.0
2023-10-13,Friendly,Mali,Uganda,1.0,0.0
2023-10-13,Friendly,Nigeria,Saudi Arabia,2.0,2.0
2023-10-13,Friendly,South Africa,Eswatini,0.0,0.0
2023-10-13,Friendly,Vietnam,Uzbekistan,0.0,2.0
2023-10-13,UEFA Euro qualification,Republic of Ireland,Greece,0.0,2.0
2023-10-13,UEFA Euro qualification,Netherlands,France,1.0,2.0
2023-10-13,UEFA Euro qualification,Estonia,Azerbaijan,0.0,2.0
2023-10-13,UEFA Euro qualification,Austria,Belgium,2.0,3.0
2023-10-13,UEFA Euro qualification,Iceland,Luxembourg,1.0,1.0
2023-10-13,UEFA Euro qualification,Portugal,Slovakia,3.0,2.0
2023-10-13,UEFA Euro qualification,Liechtenstein,Bosnia and Herzegovina,0.0,2.0
2023-10-13,Friendly,Angola,Mozambique,1.0,1.0
2023-10-14,CONCACAF Nations League,Puerto Rico,Guyana,1.0,3.0
2023-10-14,CONCACAF Nations League,Bahamas,Antigua and Barbuda,1.0,4.0
2023-10-14,CONCACAF Nations League,Aruba,United States Virgin Islands,3.0,1.0
2023-10-14,Friendly,Ivory Coast,Morocco,1.0,1.0
2023-10-14,Friendly,Liberia,Libya,2.0,3.0
2023-10-14,Friendly,Mauritania,Madagascar,2.0,1.0
2023-10-14,Friendly,Mexico,Ghana,2.0,0.0
2023-10-14,Friendly,Niger,Somalia,3.0,0.0
2023-10-14,Friendly,Sierra Leone,Benin,1.0,1.0
2023-10-14,Friendly,United States,Germany,1.0,3.0
2023-10-14,UEFA Euro qualification,Ukraine,North Macedonia,2.0,0.0
2023-10-14,UEFA Euro qualification,Italy,Malta,4.0,0.0
2023-10-14,UEFA Euro qualification,Bulgaria,Lithuania,0.0,2.0
2023-10-14,UEFA Euro qualification,Hungary,Serbia,2.0,1.0
2023-10-14,UEFA Euro qualification,Northern Ireland,San Marino,3.0,0.0
2023-10-14,UEFA Euro qualification,Slovenia,Finland,3.0,0.0
2023-10-14,UEFA Euro qualification,Denmark,Kazakhstan,3.0,1.0
2023-10-14,MSG Prime Minister's Cup,Papua New Guinea,Vanuatu,0.0,1.0
2023-10-14,MSG Prime Minister's Cup,New Caledonia,Solomon Islands,0.0,1.0
2023-10-15,CONCACAF Nations League,Honduras,Cuba,4.0,0.0
2023-10-15,CONCACAF Nations League,Haiti,Jamaica,2.0,3.0
2023-10-15,CONCACAF Nations League,Suriname,Grenada,4.0,0.0
2023-10-15,CONCACAF Nations League,Guadeloupe,Saint Lucia,2.0,0.0
2023-10-15,CONCACAF Nations League,Saint Kitts and Nevis,Sint Maarten,0.0,1.0
2023-10-15,Friendly,Kyrgyzstan,Philippines,0.0,1.0
2023-10-15,Friendly,Sudan,Tanzania,1.0,1.0
2023-10-15,UEFA Euro qualification,Georgia,Cyprus,4.0,0.0
2023-10-15,UEFA Euro qualification,Norway,Spain,0.0,1.0
2023-10-15,UEFA Euro qualification,Wales,Croatia,2.0,1.0
2023-10-15,UEFA Euro qualification,Turkey,Latvia,4.0,0.0
2023-10-15,UEFA Euro qualification,Czech Republic,Faroe Islands,1.0,0.0
2023-10-15,UEFA Euro qualification,Poland,Moldova,1.0,1.0
2023-10-15,UEFA Euro qualification,Switzerland,Belarus,3.0,3.0
2023-10-15,UEFA Euro qualification,Romania,Andorra,4.0,0.0
2023-10-16,CONCACAF Nations League,Dominican Republic,Barbados,5.0,2.0
2023-10-16,CONCACAF Nations League,Nicaragua,Montserrat,3.0,0.0
2023-10-16,CONCACAF Nations League,French Guiana,Saint Vincent and the Grenadines,3.0,2.0
2023-10-16,CONCACAF Nations League,Saint Martin,Anguilla,8.0,0.0
2023-10-16,CONCACAF Nations League,Turks and Caicos Islands,British Virgin Islands,2.0,2.0
2023-10-16,Friendly,Algeria,Egypt,1.0,1.0
2023-10-16,Friendly,Botswana,Eswatini,2.0,1.0
2023-10-16,Friendly,Kenya,Russia,2.0,2.0
2023-10-16,Friendly,China,Uzbekistan,1.0,2.0
2023-10-16,Friendly,Mozambique,Nigeria,2.0,3.0
2023-10-16,Friendly,Senegal,Cameroon,1.0,0.0
2023-10-16,UEFA Euro qualification,Gibraltar,Republic of Ireland,0.0,4.0
2023-10-16,UEFA Euro qualification,Greece,Netherlands,0.0,1.0
2023-10-16,UEFA Euro qualification,Azerbaijan,Austria,0.0,1.0
2023-10-16,UEFA Euro qualification,Belgium,Sweden,1.0,1.0
2023-10-16,UEFA Euro qualification,Iceland,Liechtenstein,4.0,0.0
2023-10-16,UEFA Euro qualification,Bosnia and Herzegovina,Portugal,0.0,5.0
2023-10-16,UEFA Euro qualification,Luxembourg,Slovakia,0.0,1.0
2023-10-17,CONCACAF Nations League,El Salvador,Martinique,0.0,0.0
2023-10-17,CONCACAF Nations League,Panama,Guatemala,3.0,0.0
2023-10-17,CONCACAF Nations League,Curaçao,Trinidad and Tobago,5.0,3.0
2023-10-17,CONCACAF Nations League,Bermuda,Belize,1.0,1.0
2023-10-17,CONCACAF Nations League,Antigua and Barbuda,Bahamas,2.0,2.0
2023-10-17,CONCACAF Nations League,Guyana,Puerto Rico,3.0,1.0
2023-10-17,CONCACAF Nations League,Cayman Islands,United States Virgin Islands,2.0,1.0
2023-10-17,FIFA World Cup qualification,Venezuela,Chile,3.0,0.0
2023-10-17,FIFA World Cup qualification,Ecuador,Colombia,0.0,0.0
2023-10-17,FIFA World Cup qualification,Paraguay,Bolivia,1.0,0.0
2023-10-17,FIFA World Cup qualification,Peru,Argentina,0.0,2.0
2023-10-17,FIFA World Cup qualification,Uruguay,Brazil,2.0,0.0
2023-10-17,FIFA World Cup qualification,Bangladesh,Maldives,2.0,1.0
2023-10-17,FIFA World Cup qualification,Bhutan,Hong Kong,2.0,0.0
2023-10-17,FIFA World Cup qualification,Brunei,Indonesia,0.0,6.0
2023-10-17,FIFA World Cup qualification,Guam,Singapore,0.0,1.0
2023-10-17,FIFA World Cup qualification,Laos,Nepal,0.0,1.0
2023-10-17,FIFA World Cup qualification,Macau,Myanmar,0.0,0.0
2023-10-17,FIFA World Cup qualification,Mongolia,Afghanistan,0.0,1.0
2023-10-17,FIFA World Cup qualification,Pakistan,Cambodia,1.0,0.0
2023-10-17,FIFA World Cup qualification,Sri Lanka,Yemen,1.0,1.0
2023-10-17,FIFA World Cup qualification,Taiwan,Timor-Leste,3.0,0.0
2023-10-17,Friendly,Albania,Bulgaria,2.0,0.0
2023-10-17,Friendly,Angola,DR Congo,0.0,0.0
2023-10-17,Soccer Ashes,Australia,New Zealand,2.0,0.0
2023-10-17,Friendly,Bahrain,Philippines,1.0,0.0
2023-10-17,Friendly,Benin,Madagascar,1.0,2.0
2023-10-17,Friendly,Burkina Faso,Mauritania,2.0,1.0
2023-10-17,Friendly,Cape Verde,Comoros,1.0,2.0
2023-10-17,Friendly,Estonia,Thailand,1.0,1.0
2023-10-17,Friendly,France,Scotland,4.0,1.0
2023-10-17,Friendly,Guinea,Gabon,1.0,1.0
2023-10-17,Friendly,Ivory Coast,South Africa,1.0,1.0
2023-10-17,Friendly,South Korea,Vietnam,6.0,0.0
2023-10-17,Friendly,Libya,Niger,1.0,1.0
2023-10-17,Friendly,Mali,Saudi Arabia,3.0,1.0
2023-10-17,Friendly,Mexico,Germany,2.0,2.0
2023-10-17,Friendly,North Macedonia,Armenia,3.0,1.0
2023-10-17,Friendly,Somalia,Sierra Leone,0.0,2.0
2023-10-17,Friendly,Sudan,Chad,1.0,0.0
2023-10-17,Friendly,Syria,Kuwait,1.0,2.0
2023-10-17,Friendly,United Arab Emirates,Lebanon,2.0,1.0
2023-10-17,Friendly,United States,Ghana,4.0,0.0
2023-10-17,Friendly,Zambia,Uganda,3.0,0.0
2023-10-17,African Cup of Nations qualification,Morocco,Liberia,3.0,0.0
2023-10-17,UEFA Euro qualification,England,Italy,3.0,1.0
2023-10-17,UEFA Euro qualification,Malta,Ukraine,1.0,3.0
2023-10-17,UEFA Euro qualification,Serbia,Montenegro,3.0,1.0
2023-10-17,UEFA Euro qualification,Lithuania,Hungary,2.0,2.0
2023-10-17,UEFA Euro qualification,Finland,Kazakhstan,1.0,2.0
2023-10-17,UEFA Euro qualification,Northern Ireland,Slovenia,0.0,1.0
2023-10-17,UEFA Euro qualification,San Marino,Denmark,1.0,2.0
2023-10-23,Friendly,United Arab Emirates,Kuwait,1.0,0.0
2023-11-11,Friendly,Guatemala,Jamaica,0.0,0.0
2023-11-12,UEFA Euro qualification,Kosovo,Israel,1.0,0.0
2023-11-15,FIFA World Cup qualification,Ethiopia,Sierra Leone,0.0,0.0
2023-11-15,FIFA World Cup qualification,DR Congo,Mauritania,2.0,0.0
2023-11-15,FIFA World Cup qualification,Rwanda,Zimbabwe,0.0,0.0
2023-11-15,FIFA World Cup qualification,Equatorial Guinea,Namibia,0.0,3.0
2023-11-15,Friendly,Belgium,Serbia,1.0,0.0
2023-11-15,UEFA Euro qualification,Israel,Switzerland,1.0,1.0
2023-11-16,CONCACAF Nations League,Sint Maarten,Guadeloupe,0.0,2.0
2023-11-16,CONCACAF Nations League,Saint Kitts and Nevis,Saint Lucia,0.0,0.0
2023-11-16,CONCACAF Nations League,United States Virgin Islands,Aruba,1.0,4.0
2023-11-16,CONCACAF Nations League,British Virgin Islands,Dominica,1.0,2.0
2023-11-16,CONCACAF Nations League,Costa Rica,Panama,0.0,3.0
2023-11-16,CONCACAF Nations League,United States,Trinidad and Tobago,3.0,0.0
2023-11-16,FIFA World Cup qualification,Bolivia,Peru,2.0,0.0
2023-11-16,FIFA World Cup qualification,Venezuela,Ecuador,0.0,0.0
2023-11-16,FIFA World Cup qualification,Colombia,Brazil,2.0,1.0
2023-11-16,FIFA World Cup qualification,Argentina,Uruguay,0.0,2.0
2023-11-16,FIFA World Cup qualification,Chile,Paraguay,0.0,0.0
2023-11-16,FIFA World Cup qualification,Qatar,Afghanistan,8.0,1.0
2023-11-16,FIFA World Cup qualification,Kuwait,India,0.0,1.0
2023-11-16,FIFA World Cup qualification,Japan,Myanmar,5.0,0.0
2023-11-16,FIFA World Cup qualification,Syria,North Korea,1.0,0.0
2023-11-16,FIFA World Cup qualification,Thailand,China,1.0,2.0
2023-11-16,FIFA World Cup qualification,South Korea,Singapore,5.0,0.0
2023-11-16,FIFA World Cup qualification,Oman,Taiwan,3.0,0.0
2023-11-16,FIFA World Cup qualification,Malaysia,Kyrgyzstan,4.0,3.0
2023-11-16,FIFA World Cup qualification,Iran,Hong Kong,4.0,0.0
2023-11-16,FIFA World Cup qualification,Turkmenistan,Uzbekistan,1.0,3.0
2023-11-16,FIFA World Cup qualification,Iraq,Indonesia,5.0,1.0
2023-11-16,FIFA World Cup qualification,Philippines,Vietnam,0.0,2.0
2023-11-16,FIFA World Cup qualification,Tajikistan,Jordan,1.0,1.0
2023-11-16,FIFA World Cup qualification,Saudi Arabia,Pakistan,4.0,0.0
2023-11-16,FIFA World Cup qualification,United Arab Emirates,Nepal,4.0,0.0
2023-11-16,FIFA World Cup qualification,Yemen,Bahrain,0.0,2.0
2023-11-16,FIFA World Cup qualification,Lebanon,Palestine,0.0,0.0
2023-11-16,FIFA World Cup qualification,Australia,Bangladesh,7.0,0.0
2023-11-16,FIFA World Cup qualification,Egypt,Djibouti,6.0,0.0
2023-11-16,FIFA World Cup qualification,Sudan,Togo,1.0,1.0
2023-11-16,FIFA World Cup qualification,Nigeria,Lesotho,1.0,1.0
2023-11-16,FIFA World Cup qualification,Cape Verde,Angola,0.0,0.0
2023-11-16,FIFA World Cup qualification,Burundi,Gambia,3.0,2.0
2023-11-16,FIFA World Cup qualification,Gabon,Kenya,2.0,1.0
2023-11-16,FIFA World Cup qualification,Botswana,Mozambique,2.0,3.0
2023-11-16,FIFA World Cup qualification,Algeria,Somalia,3.0,1.0
2023-11-16,Friendly,Curaçao,El Salvador,1.0,1.0
2023-11-16,Friendly,Norway,Faroe Islands,2.0,0.0
2023-11-16,UEFA Euro qualification,Cyprus,Spain,1.0,3.0
2023-11-16,UEFA Euro qualification,Georgia,Scotland,2.0,2.0
2023-11-16,UEFA Euro qualification,Estonia,Austria,0.0,2.0
2023-11-16,UEFA Euro qualification,Azerbaijan,Sweden,3.0,0.0
2023-11-16,UEFA Euro qualification,Bulgaria,Hungary,2.0,2.0
2023-11-16,UEFA Euro qualification,Montenegro,Lithuania,2.0,0.0
2023-11-16,UEFA Euro qualification,Liechtenstein,Portugal,0.0,2.0
2023-11-16,UEFA Euro qualification,Luxembourg,Bosnia and Herzegovina,4.0,1.0
2023-11-16,UEFA Euro qualification,Slovakia,Iceland,4.0,2.0
2023-11-17,CONCACAF Nations League,Montserrat,Dominican Republic,2.0,1.0
2023-11-17,CONCACAF Nations League,Barbados,Nicaragua,0.0,4.0
2023-11-17,CONCACAF Nations League,Bermuda,Saint Vincent and the Grenadines,3.0,1.0
2023-11-17,CONCACAF Nations League,Belize,French Guiana,1.0,0.0
2023-11-17,CONCACAF Nations League,Honduras,Mexico,2.0,0.0
2023-11-17,FIFA World Cup qualification,Burkina Faso,Guinea-Bissau,1.0,1.0
2023-11-17,FIFA World Cup qualification,Eswatini,Libya,0.0,1.0
2023-11-17,FIFA World Cup qualification,Cameroon,Mauritius,3.0,0.0
2023-11-17,FIFA World Cup qualification,Zambia,Congo,4.0,2.0
2023-11-17,FIFA World Cup qualification,Ivory Coast,Seychelles,9.0,0.0
2023-11-17,FIFA World Cup qualification,Guinea,Uganda,2.0,1.0
2023-11-17,FIFA World Cup qualification,Liberia,Malawi,0.0,1.0
2023-11-17,FIFA World Cup qualification,Tunisia,São Tomé and Príncipe,4.0,0.0
2023-11-17,FIFA World Cup qualification,Comoros,Central African Republic,4.0,2.0
2023-11-17,FIFA World Cup qualification,Ghana,Madagascar,1.0,0.0
2023-11-17,FIFA World Cup qualification,Mali,Chad,3.0,1.0
2023-11-17,Friendly,Greece,New Zealand,2.0,0.0
2023-11-17,UEFA Euro qualification,England,Malta,2.0,0.0
2023-11-17,UEFA Euro qualification,Italy,North Macedonia,5.0,2.0
2023-11-17,UEFA Euro qualification,Moldova,Albania,1.0,1.0
2023-11-17,UEFA Euro qualification,Poland,Czech Republic,1.0,1.0
2023-11-17,UEFA Euro qualification,Finland,Northern Ireland,4.0,0.0
2023-11-17,UEFA Euro qualification,Denmark,Slovenia,2.0,1.0
2023-11-17,UEFA Euro qualification,Kazakhstan,San Marino,3.0,1.0
2023-11-17,Pacific Games,Papua New Guinea,Tuvalu,3.0,0.0
2023-11-17,Pacific Games,Solomon Islands,Samoa,1.0,0.0
2023-11-18,CONCACAF Nations League,Antigua and Barbuda,Puerto Rico,2.0,3.0
2023-11-18,CONCACAF Nations League,Anguilla,Bonaire,0.0,3.0
2023-11-18,CONCACAF Nations League,Jamaica,Canada,1.0,2.0
2023-11-18,FIFA World Cup qualification,Senegal,South Sudan,4.0,0.0
2023-11-18,FIFA World Cup qualification,South Africa,Benin,2.0,1.0
2023-11-18,FIFA World Cup qualification,Niger,Tanzania,0.0,1.0
2023-11-18,Friendly,Germany,Turkey,2.0,3.0
2023-11-18,UEFA Euro qualification,France,Gibraltar,14.0,0.0
2023-11-18,UEFA Euro qualification,Netherlands,Republic of Ireland,1.0,0.0
2023-11-18,UEFA Euro qualification,Armenia,Wales,1.0,1.0
2023-11-18,UEFA Euro qualification,Latvia,Croatia,0.0,2.0
2023-11-18,UEFA Euro qualification,Belarus,Andorra,1.0,0.0
2023-11-18,UEFA Euro qualification,Switzerland,Kosovo,1.0,1.0
2023-11-18,UEFA Euro qualification,Israel,Romania,1.0,2.0
2023-11-18,Pacific Games,New Caledonia,Tonga,7.0,0.0
2023-11-18,Pacific Games,Fiji,Northern Mariana Islands,10.0,0.0
2023-11-19,CONCACAF Nations League,Guadeloupe,Saint Kitts and Nevis,5.0,0.0
2023-11-19,CONCACAF Nations League,Saint Lucia,Sint Maarten,1.0,2.0
2023-11-19,FIFA World Cup qualification,Sierra Leone,Egypt,0.0,2.0
2023-11-19,FIFA World Cup qualification,Sudan,DR Congo,1.0,0.0
2023-11-19,FIFA World Cup qualification,Zimbabwe,Nigeria,1.0,1.0
2023-11-19,FIFA World Cup qualification,Burundi,Gabon,1.0,2.0
2023-11-19,FIFA World Cup qualification,Mozambique,Algeria,0.0,2.0
2023-11-19,Friendly,Cyprus,Lithuania,1.0,0.0
2023-11-19,UEFA Euro qualification,Scotland,Norway,3.0,3.0
2023-11-19,UEFA Euro qualification,Spain,Georgia,3.0,1.0
2023-11-19,UEFA Euro qualification,Belgium,Azerbaijan,5.0,0.0
2023-11-19,UEFA Euro qualification,Sweden,Estonia,2.0,0.0
2023-11-19,UEFA Euro qualification,Hungary,Montenegro,3.0,1.0
2023-11-19,UEFA Euro qualification,Serbia,Bulgaria,2.0,2.0
2023-11-19,UEFA Euro qualification,Portugal,Iceland,2.0,0.0
2023-11-19,UEFA Euro qualification,Bosnia and Herzegovina,Slovakia,1.0,2.0
2023-11-19,UEFA Euro qualification,Liechtenstein,Luxembourg,0.0,1.0
2023-11-20,CONCACAF Nations League,Montserrat,Barbados,4.0,2.0
2023-11-20,CONCACAF Nations League,Aruba,Cayman Islands,5.0,1.0
2023-11-20,CONCACAF Nations League,Dominica,Turks and Caicos Islands,2.0,0.0
2023-11-20,CONCACAF Nations League,Panama,Costa Rica,3.0,1.0
2023-11-20,CONCACAF Nations League,Trinidad and Tobago,United States,2.0,1.0
2023-11-20,FIFA World Cup qualification,Djibouti,Guinea-Bissau,0.0,1.0
2023-11-20,FIFA World Cup qualification,Gambia,Ivory Coast,0.0,2.0
2023-11-20,FIFA World Cup qualification,Seychelles,Kenya,0.0,5.0
2023-11-20,FIFA World Cup qualification,Liberia,Equatorial Guinea,3.0,0.0
2023-11-20,FIFA World Cup qualification,Mali,Central African Republic,1.0,1.0
2023-11-20,FIFA World Cup qualification,Chad,Madagascar,0.0,3.0
2023-11-20,Friendly,Curaçao,El Salvador,1.0,1.0
2023-11-20,Friendly,Russia,Cuba,8.0,0.0
2023-11-20,UEFA Euro qualification,North Macedonia,England,1.0,1.0
2023-11-20,UEFA Euro qualification,Ukraine,Italy,0.0,0.0
2023-11-20,UEFA Euro qualification,Albania,Faroe Islands,0.0,0.0
2023-11-20,UEFA Euro qualification,Czech Republic,Moldova,3.0,0.0
2023-11-20,UEFA Euro qualification,Northern Ireland,Denmark,2.0,0.0
2023-11-20,UEFA Euro qualification,San Marino,Finland,1.0,2.0
2023-11-20,UEFA Euro qualification,Slovenia,Kazakhstan,2.0,1.0
2023-11-20,Pacific Games,Tuvalu,Vanuatu,0.0,6.0
2023-11-20,Pacific Games,Samoa,American Samoa,10.0,0.0
2023-11-21,CONCACAF Nations League,Nicaragua,Dominican Republic,0.0,0.0
2023-11-21,CONCACAF Nations League,French Guiana,Bermuda,3.0,0.0
2023-11-21,CONCACAF Nations League,Saint Vincent and the Grenadines,Belize,3.0,0.0
2023-11-21,CONCACAF Nations League,Guyana,Antigua and Barbuda,6.0,0.0
2023-11-21,CONCACAF Nations League,Puerto Rico,Bahamas,6.0,1.0
2023-11-21,CONCACAF Nations League,Bonaire,Saint Martin,0.0,4.0
2023-11-21,CONCACAF Nations League,Canada,Jamaica,2.0,3.0
2023-11-21,CONCACAF Nations League,Mexico,Honduras,2.0,0.0
2023-11-21,FIFA World Cup qualification,Ecuador,Chile,1.0,0.0
2023-11-21,FIFA World Cup qualification,Paraguay,Colombia,0.0,1.0
2023-11-21,FIFA World Cup qualification,Uruguay,Bolivia,3.0,0.0
2023-11-21,FIFA World Cup qualification,Peru,Venezuela,1.0,1.0
2023-11-21,FIFA World Cup qualification,Brazil,Argentina,0.0,1.0
2023-11-21,FIFA World Cup qualification,India,Qatar,0.0,3.0
2023-11-21,FIFA World Cup qualification,Afghanistan,Kuwait,0.0,4.0
2023-11-21,FIFA World Cup qualification,Myanmar,North Korea,1.0,6.0
2023-11-21,FIFA World Cup qualification,Syria,Japan,0.0,5.0
2023-11-21,FIFA World Cup qualification,China,South Korea,0.0,3.0
2023-11-21,FIFA World Cup qualification,Singapore,Thailand,1.0,3.0
2023-11-21,FIFA World Cup qualification,Taiwan,Malaysia,0.0,1.0
2023-11-21,FIFA World Cup qualification,Kyrgyzstan,Oman,1.0,0.0
2023-11-21,FIFA World Cup qualification,Uzbekistan,Iran,2.0,2.0
2023-11-21,FIFA World Cup qualification,Hong Kong,Turkmenistan,2.0,2.0
2023-11-21,FIFA World Cup qualification,Philippines,Indonesia,1.0,1.0
2023-11-21,FIFA World Cup qualification,Vietnam,Iraq,0.0,1.0
2023-11-21,FIFA World Cup qualification,Pakistan,Tajikistan,1.0,6.0
2023-11-21,FIFA World Cup qualification,Jordan,Saudi Arabia,0.0,2.0
2023-11-21,FIFA World Cup qualification,Bahrain,United Arab Emirates,0.0,2.0
2023-11-21,FIFA World Cup qualification,Nepal,Yemen,0.0,2.0
2023-11-21,FIFA World Cup qualification,Palestine,Australia,0.0,1.0
2023-11-21,FIFA World Cup qualification,Bangladesh,Lebanon,1.0,1.0
2023-11-21,FIFA World Cup qualification,Ethiopia,Burkina Faso,0.0,3.0
2023-11-21,FIFA World Cup qualification,South Sudan,Mauritania,0.0,0.0
2023-11-21,FIFA World Cup qualification,Togo,Senegal,0.0,0.0
2023-11-21,FIFA World Cup qualification,Lesotho,Benin,0.0,0.0
2023-11-21,FIFA World Cup qualification,Rwanda,South Africa,2.0,0.0
2023-11-21,FIFA World Cup qualification,Eswatini,Cape Verde,0.0,2.0
2023-11-21,FIFA World Cup qualification,Libya,Cameroon,1.0,1.0
2023-11-21,FIFA World Cup qualification,Mauritius,Angola,0.0,0.0
2023-11-21,FIFA World Cup qualification,Niger,Zambia,2.0,1.0
2023-11-21,FIFA World Cup qualification,Tanzania,Morocco,0.0,2.0
2023-11-21,FIFA World Cup qualification,Somalia,Uganda,0.0,1.0
2023-11-21,FIFA World Cup qualification,Botswana,Guinea,1.0,0.0
2023-11-21,FIFA World Cup qualification,Malawi,Tunisia,0.0,1.0
2023-11-21,FIFA World Cup qualification,São Tomé and Príncipe,Namibia,0.0,2.0
2023-11-21,FIFA World Cup qualification,Comoros,Ghana,1.0,0.0
2023-11-21,Friendly,Austria,Germany,2.0,0.0
2023-11-21,Friendly,Poland,Latvia,2.0,0.0
2023-11-21,Friendly,Republic of Ireland,New Zealand,1.0,1.0
2023-11-21,UEFA Euro qualification,Gibraltar,Netherlands,0.0,6.0
2023-11-21,UEFA Euro qualification,Greece,France,2.0,2.0
2023-11-21,UEFA Euro qualification,Wales,Turkey,1.0,1.0
2023-11-21,UEFA Euro qualification,Croatia,Armenia,1.0,0.0
2023-11-21,UEFA Euro qualification,Andorra,Israel,0.0,2.0
2023-11-21,UEFA Euro qualification,Kosovo,Belarus,0.0,1.0
2023-11-21,UEFA Euro qualification,Romania,Switzerland,1.0,0.0
2023-11-21,Pacific Games,Tonga,Cook Islands,1.0,2.0
2023-11-21,Pacific Games,Fiji,Tahiti,0.0,0.0
2023-11-23,Pacific Games,Vanuatu,Papua New Guinea,1.0,1.0
2023-11-23,Pacific Games,Solomon Islands,American Samoa,11.0,0.0
2023-11-24,Pacific Games,Cook Islands,New Caledonia,0.0,8.0
2023-11-24,Pacific Games,Northern Mariana Islands,Tahiti,0.0,5.0
2023-11-27,Pacific Games,Northern Mariana Islands,American Samoa,4.0,0.0
2023-11-27,Pacific Games,Tonga,Tuvalu,0.0,4.0
2023-11-27,Pacific Games,Tahiti,Samoa,2.0,1.0
2023-11-27,Pacific Games,Cook Islands,Papua New Guinea,0.0,3.0
2023-11-28,Pacific Games,New Caledonia,Vanuatu,1.0,0.0
2023-11-28,Pacific Games,Solomon Islands,Fiji,2.0,0.0
2023-11-30,Pacific Games,American Samoa,Tonga,2.0,6.0
2023-11-30,Pacific Games,Northern Mariana Islands,Tuvalu,1.0,4.0
2023-11-30,Pacific Games,Samoa,Cook Islands,3.0,0.0
2023-11-30,Pacific Games,Tahiti,Papua New Guinea,2.0,0.0
2023-12-01,Pacific Games,Vanuatu,Fiji,2.0,4.0
2023-12-02,Pacific Games,Solomon Islands,New Caledonia,2.0,2.0
2023-12-16,Friendly,Mexico,Colombia,2.0,3.0
2024-01-01,Friendly,Japan,Thailand,5.0,0.0
2024-01-01,Friendly,China,Hong Kong,1.0,2.0
2024-01-02,Friendly,Indonesia,Libya,0.0,4.0
2024-01-04,Friendly,Tajikistan,Hong Kong,2.0,1.0
2024-01-04,Friendly,Saudi Arabia,Lebanon,1.0,0.0
2024-01-05,Friendly,Indonesia,Libya,1.0,2.0
2024-01-05,Friendly,Iran,Burkina Faso,2.0,1.0
2024-01-05,Friendly,Kyrgyzstan,Syria,1.0,1.0
2024-01-05,Friendly,Qatar,Jordan,1.0,2.0
2024-01-05,Friendly,Togo,Algeria,0.0,3.0
2024-01-06,Friendly,DR Congo,Angola,0.0,0.0
2024-01-06,Friendly,Iraq,South Korea,0.0,1.0
2024-01-06,Friendly,Bahrain,Australia,0.0,2.0
2024-01-06,Friendly,Mozambique,Lesotho,2.0,0.0
2024-01-06,Friendly,United Arab Emirates,Oman,0.0,1.0
2024-01-06,Friendly,Ivory Coast,Sierra Leone,5.0,1.0
2024-01-06,Friendly,Tunisia,Mauritania,0.0,0.0
2024-01-06,Friendly,Mali,Guinea-Bissau,6.0,2.0
2024-01-07,Friendly,Uzbekistan,Palestine,1.0,0.0
2024-01-07,Friendly,Egypt,Tanzania,2.0,0.0
2024-01-08,Friendly,Nigeria,Guinea,0.0,2.0
2024-01-08,Friendly,Botswana,Mozambique,1.0,1.0
2024-01-08,Friendly,Syria,Malaysia,2.0,2.0
2024-01-08,Friendly,Senegal,Niger,1.0,0.0
2024-01-08,Friendly,Ghana,Namibia,0.0,0.0
2024-01-09,Friendly,Japan,Jordan,6.0,1.0
2024-01-09,Friendly,Kyrgyzstan,Vietnam,2.0,1.0
2024-01-09,Friendly,Zambia,Cameroon,1.0,1.0
2024-01-09,Friendly,Equatorial Guinea,Djibouti,1.0,1.0
2024-01-09,Friendly,Saudi Arabia,Palestine,0.0,0.0
2024-01-09,Friendly,Burundi,Algeria,0.0,4.0
2024-01-09,Friendly,Indonesia,Iran,0.0,5.0
2024-01-10,Friendly,South Africa,Lesotho,0.0,0.0
2024-01-10,Friendly,DR Congo,Burkina Faso,1.0,2.0
2024-01-10,Friendly,Bahrain,Angola,0.0,3.0
2024-01-10,Friendly,Saudi Arabia,Hong Kong,2.0,0.0
2024-01-10,Friendly,Tunisia,Cape Verde,2.0,0.0
2024-01-11,Friendly,Morocco,Sierra Leone,3.0,1.0
2024-01-12,AFC Asian Cup,Qatar,Lebanon,3.0,0.0
2024-01-12,Friendly,Kuwait,Libya,1.0,3.0
2024-01-12,Friendly,Sweden,Estonia,2.0,1.0
2024-01-13,AFC Asian Cup,China,Tajikistan,0.0,0.0
2024-01-13,AFC Asian Cup,Australia,India,2.0,0.0
2024-01-13,AFC Asian Cup,Uzbekistan,Syria,0.0,0.0
2024-01-13,African Cup of Nations,Ivory Coast,Guinea-Bissau,2.0,0.0
2024-01-13,Friendly,Guatemala,Iceland,0.0,1.0
2024-01-14,AFC Asian Cup,United Arab Emirates,Hong Kong,3.0,1.0
2024-01-14,AFC Asian Cup,Iran,Palestine,4.0,1.0
2024-01-14,AFC Asian Cup,Japan,Vietnam,4.0,2.0
2024-01-14,African Cup of Nations,Nigeria,Equatorial Guinea,1.0,1.0
2024-01-14,African Cup of Nations,Egypt,Mozambique,2.0,2.0
2024-01-14,African Cup of Nations,Ghana,Cape Verde,1.0,2.0
2024-01-15,AFC Asian Cup,Indonesia,Iraq,1.0,3.0
2024-01-15,AFC Asian Cup,South Korea,Bahrain,3.0,1.0
2024-01-15,AFC Asian Cup,Malaysia,Jordan,0.0,4.0
2024-01-15,African Cup of Nations,Senegal,Gambia,3.0,0.0
2024-01-15,African Cup of Nations,Cameroon,Guinea,1.0,1.0
2024-01-15,African Cup of Nations,Algeria,Angola,1.0,1.0
2024-01-16,AFC Asian Cup,Thailand,Kyrgyzstan,2.0,0.0
2024-01-16,AFC Asian Cup,Saudi Arabia,Oman,2.0,1.0
2024-01-16,African Cup of Nations,Burkina Faso,Mauritania,1.0,0.0
2024-01-16,African Cup of Nations,Tunisia,Namibia,0.0,1.0
2024-01-16,African Cup of Nations,Mali,South Africa,2.0,0.0
2024-01-17,AFC Asian Cup,Lebanon,China,0.0,0.0
2024-01-17,AFC Asian Cup,Qatar,Tajikistan,1.0,0.0
2024-01-17,African Cup of Nations,Morocco,Tanzania,3.0,0.0
2024-01-17,African Cup of Nations,DR Congo,Zambia,1.0,1.0
2024-01-17,Friendly,Honduras,Iceland,0.0,2.0
2024-01-18,AFC Asian Cup,Syria,Australia,0.0,1.0
2024-01-18,AFC Asian Cup,India,Uzbekistan,0.0,3.0
2024-01-18,AFC Asian Cup,Palestine,United Arab Emirates,1.0,1.0
2024-01-18,African Cup of Nations,Equatorial Guinea,Guinea-Bissau,4.0,2.0
2024-01-18,African Cup of Nations,Ivory Coast,Nigeria,0.0,1.0
2024-01-18,African Cup of Nations,Egypt,Ghana,2.0,2.0
2024-01-19,AFC Asian Cup,Hong Kong,Iran,0.0,1.0
2024-01-19,AFC Asian Cup,Iraq,Japan,2.0,1.0
2024-01-19,AFC Asian Cup,Vietnam,Indonesia,0.0,1.0
2024-01-19,African Cup of Nations,Cape Verde,Mozambique,3.0,0.0
2024-01-19,African Cup of Nations,Senegal,Cameroon,3.0,1.0
2024-01-19,African Cup of Nations,Guinea,Gambia,1.0,0.0
2024-01-19,Friendly,Kuwait,Uganda,0.0,2.0
2024-01-20,AFC Asian Cup,Jordan,South Korea,2.0,2.0
2024-01-20,AFC Asian Cup,Bahrain,Malaysia,1.0,0.0
2024-01-20,African Cup of Nations,Algeria,Burkina Faso,2.0,2.0
2024-01-20,African Cup of Nations,Mauritania,Angola,2.0,3.0
2024-01-20,African Cup of Nations,Tunisia,Mali,1.0,1.0
2024-01-20,Friendly,United States,Slovenia,0.0,1.0
2024-01-21,AFC Asian Cup,Oman,Thailand,0.0,0.0
2024-01-21,AFC Asian Cup,Kyrgyzstan,Saudi Arabia,0.0,2.0
2024-01-21,African Cup of Nations,South Africa,Namibia,4.0,0.0
2024-01-21,African Cup of Nations,Morocco,DR Congo,1.0,1.0
2024-01-21,African Cup of Nations,Zambia,Tanzania,1.0,1.0
2024-01-22,AFC Asian Cup,Qatar,China,1.0,0.0
2024-01-22,AFC Asian Cup,Tajikistan,Lebanon,2.0,1.0
2024-01-22,African Cup of Nations,Guinea-Bissau,Nigeria,0.0,1.0
2024-01-22,African Cup of Nations,Ivory Coast,Equatorial Guinea,0.0,4.0
2024-01-22,African Cup of Nations,Cape Verde,Egypt,2.0,2.0
2024-01-22,African Cup of Nations,Mozambique,Ghana,2.0,2.0
2024-01-23,AFC Asian Cup,Australia,Uzbekistan,1.0,1.0
2024-01-23,AFC Asian Cup,Syria,India,1.0,0.0
2024-01-23,AFC Asian Cup,Hong Kong,Palestine,0.0,3.0
2024-01-23,AFC Asian Cup,Iran,United Arab Emirates,2.0,1.0
2024-01-23,African Cup of Nations,Gambia,Cameroon,2.0,3.0
2024-01-23,African Cup of Nations,Guinea,Senegal,0.0,2.0
2024-01-23,African Cup of Nations,Angola,Burkina Faso,2.0,0.0
2024-01-23,African Cup of Nations,Mauritania,Algeria,1.0,0.0
2024-01-24,AFC Asian Cup,Iraq,Vietnam,3.0,2.0
2024-01-24,AFC Asian Cup,Japan,Indonesia,3.0,1.0
2024-01-24,African Cup of Nations,Namibia,Mali,0.0,0.0
2024-01-24,African Cup of Nations,South Africa,Tunisia,0.0,0.0
2024-01-24,African Cup of Nations,Tanzania,DR Congo,0.0,0.0
2024-01-24,African Cup of Nations,Zambia,Morocco,0.0,1.0
2024-01-25,AFC Asian Cup,Jordan,Bahrain,0.0,1.0
2024-01-25,AFC Asian Cup,South Korea,Malaysia,3.0,3.0
2024-01-25,AFC Asian Cup,Kyrgyzstan,Oman,1.0,1.0
2024-01-25,AFC Asian Cup,Saudi Arabia,Thailand,0.0,0.0
2024-01-27,African Cup of Nations,Angola,Namibia,3.0,0.0
2024-01-27,African Cup of Nations,Nigeria,Cameroon,2.0,0.0
2024-01-28,AFC Asian Cup,Australia,Indonesia,4.0,0.0
2024-01-28,AFC Asian Cup,Tajikistan,United Arab Emirates,1.0,1.0
2024-01-28,African Cup of Nations,Egypt,DR Congo,1.0,1.0
2024-01-28,African Cup of Nations,Equatorial Guinea,Guinea,0.0,1.0
2024-01-29,AFC Asian Cup,Iraq,Jordan,2.0,3.0
2024-01-29,AFC Asian Cup,Qatar,Palestine,2.0,1.0
2024-01-29,African Cup of Nations,Cape Verde,Mauritania,1.0,0.0
2024-01-29,African Cup of Nations,Ivory Coast,Senegal,1.0,1.0
2024-01-30,AFC Asian Cup,Saudi Arabia,South Korea,1.0,1.0
2024-01-30,AFC Asian Cup,Uzbekistan,Thailand,2.0,1.0
2024-01-30,African Cup of Nations,Mali,Burkina Faso,2.0,1.0
2024-01-30,African Cup of Nations,Morocco,South Africa,0.0,2.0
2024-01-31,AFC Asian Cup,Bahrain,Japan,1.0,3.0
2024-01-31,AFC Asian Cup,Iran,Syria,1.0,1.0
2024-02-02,AFC Asian Cup,Australia,South Korea,1.0,2.0
2024-02-02,AFC Asian Cup,Tajikistan,Jordan,0.0,1.0
2024-02-02,African Cup of Nations,DR Congo,Guinea,3.0,1.0
2024-02-02,African Cup of Nations,Nigeria,Angola,1.0,0.0
2024-02-03,AFC Asian Cup,Iran,Japan,2.0,1.0
2024-02-03,AFC Asian Cup,Qatar,Uzbekistan,1.0,1.0
2024-02-03,African Cup of Nations,Cape Verde,South Africa,0.0,0.0
2024-02-03,African Cup of Nations,Ivory Coast,Mali,2.0,1.0
2024-02-03,Friendly,Costa Rica,El Salvador,2.0,0.0
2024-02-06,AFC Asian Cup,Jordan,South Korea,2.0,0.0
2024-02-07,AFC Asian Cup,Qatar,Iran,3.0,2.0
2024-02-07,African Cup of Nations,Ivory Coast,DR Congo,1.0,0.0
2024-02-07,African Cup of Nations,Nigeria,South Africa,1.0,1.0
2024-02-10,AFC Asian Cup,Qatar,Jordan,3.0,1.0
2024-02-10,African Cup of Nations,South Africa,DR Congo,0.0,0.0
2024-02-11,African Cup of Nations,Ivory Coast,Nigeria,2.0,1.0
2024-03-01,Friendly,Trinidad and Tobago,Jamaica,0.0,1.0
2024-03-03,Friendly,Trinidad and Tobago,Jamaica,0.0,0.0
2024-03-14,Friendly,Kazakhstan,Turkmenistan,2.0,0.0
2024-03-18,Friendly,Solomon Islands,Fiji,2.0,1.0
2024-03-20,Friendly,Bonaire,El Salvador,1.0,1.0
2024-03-20,Friendly,San Marino,Saint Kitts and Nevis,1.0,3.0
2024-03-20,African Cup of Nations qualification,Djibouti,Liberia,0.0,2.0
2024-03-20,African Cup of Nations qualification,Somalia,Eswatini,0.0,3.0
2024-03-20,Oceania Nations Cup qualification,Tonga,Samoa,1.0,4.0
2024-03-21,FIFA Series,South Africa,Andorra,1.0,1.0
2024-03-21,FIFA Series,Cape Verde,Guyana,1.0,0.0
2024-03-21,FIFA Series,Guinea,Vanuatu,6.0,0.0
2024-03-21,CONCACAF Nations League,Panama,Mexico,0.0,3.0
2024-03-21,CONCACAF Nations League,United States,Jamaica,3.0,1.0
2024-03-21,UEFA Nations League,Gibraltar,Lithuania,0.0,1.0
2024-03-21,UEFA Euro qualification,Poland,Estonia,5.0,1.0
2024-03-21,UEFA Euro qualification,Wales,Finland,4.0,1.0
2024-03-21,UEFA Euro qualification,Israel,Iceland,1.0,4.0
2024-03-21,UEFA Euro qualification,Bosnia and Herzegovina,Ukraine,1.0,2.0
2024-03-21,UEFA Euro qualification,Georgia,Luxembourg,2.0,0.0
2024-03-21,UEFA Euro qualification,Greece,Kazakhstan,5.0,0.0
2024-03-21,FIFA World Cup qualification,Qatar,Kuwait,3.0,0.0
2024-03-21,FIFA World Cup qualification,Afghanistan,India,0.0,0.0
2024-03-21,FIFA World Cup qualification,Myanmar,Syria,1.0,1.0
2024-03-21,FIFA World Cup qualification,Japan,North Korea,1.0,0.0
2024-03-21,FIFA World Cup qualification,South Korea,Thailand,1.0,1.0
2024-03-21,FIFA World Cup qualification,Singapore,China,2.0,2.0
2024-03-21,FIFA World Cup qualification,Taiwan,Kyrgyzstan,0.0,2.0
2024-03-21,FIFA World Cup qualification,Oman,Malaysia,2.0,0.0
2024-03-21,FIFA World Cup qualification,Iran,Turkmenistan,5.0,0.0
2024-03-21,FIFA World Cup qualification,Hong Kong,Uzbekistan,0.0,2.0
2024-03-21,FIFA World Cup qualification,Indonesia,Vietnam,1.0,0.0
2024-03-21,FIFA World Cup qualification,Iraq,Philippines,1.0,0.0
2024-03-21,FIFA World Cup qualification,Pakistan,Jordan,0.0,3.0
2024-03-21,FIFA World Cup qualification,Saudi Arabia,Tajikistan,1.0,0.0
2024-03-21,FIFA World Cup qualification,Bahrain,Nepal,5.0,0.0
2024-03-21,FIFA World Cup qualification,United Arab Emirates,Yemen,2.0,1.0
2024-03-21,FIFA World Cup qualification,Australia,Lebanon,2.0,0.0
2024-03-21,FIFA World Cup qualification,Palestine,Bangladesh,5.0,0.0
2024-03-21,Friendly,Belize,Puerto Rico,1.0,1.0
2024-03-21,Friendly,Cyprus,Latvia,1.0,1.0
2024-03-21,Friendly,Ecuador,Guatemala,2.0,0.0
2024-03-21,Friendly,Ethiopia,Lesotho,1.0,2.0
2024-03-21,Friendly,Malta,Slovenia,2.0,2.0
2024-03-21,Friendly,Montenegro,Belarus,2.0,0.0
2024-03-21,Friendly,Portugal,Sweden,5.0,2.0
2024-03-21,Friendly,Solomon Islands,Fiji,0.0,2.0
2024-03-21,Friendly,Venezuela,Italy,1.0,2.0
2024-03-22,FIFA Series,Algeria,Bolivia,3.0,2.0
2024-03-22,FIFA Series,Azerbaijan,Mongolia,1.0,0.0
2024-03-22,FIFA Series,Bulgaria,Tanzania,1.0,0.0
2024-03-22,FIFA Series,Egypt,New Zealand,1.0,0.0
2024-03-22,FIFA Series,Equatorial Guinea,Cambodia,2.0,0.0
2024-03-22,FIFA Series,Brunei,Bermuda,0.0,2.0
2024-03-22,FIFA Series,Central African Republic,Bhutan,6.0,0.0
2024-03-22,FIFA Series,Sri Lanka,Papua New Guinea,0.0,0.0
2024-03-22,FIFA World Cup qualification,Anguilla,Turks and Caicos Islands,0.0,0.0
2024-03-22,FIFA World Cup qualification,United States Virgin Islands,British Virgin Islands,1.0,1.0
2024-03-22,Friendly,Albania,Chile,0.0,3.0
2024-03-22,Friendly,Argentina,El Salvador,3.0,0.0
2024-03-22,Friendly,Armenia,Kosovo,0.0,1.0
2024-03-22,Friendly,Burkina Faso,Libya,1.0,2.0
2024-03-22,Friendly,Comoros,Uganda,4.0,0.0
2024-03-22,Friendly,Hungary,Turkey,1.0,0.0
2024-03-22,Friendly,Liechtenstein,Faroe Islands,0.0,4.0
2024-03-22,Friendly,Mauritania,Mali,0.0,2.0
2024-03-22,Friendly,Morocco,Angola,1.0,0.0
2024-03-22,Friendly,Netherlands,Scotland,4.0,0.0
2024-03-22,Friendly,Niger,Togo,1.0,2.0
2024-03-22,Friendly,Nigeria,Ghana,2.0,1.0
2024-03-22,Friendly,North Macedonia,Moldova,1.0,1.0
2024-03-22,Friendly,Norway,Czech Republic,1.0,2.0
2024-03-22,Friendly,Peru,Nicaragua,2.0,0.0
2024-03-22,Friendly,Romania,Northern Ireland,1.0,1.0
2024-03-22,Friendly,Senegal,Gabon,3.0,0.0
2024-03-22,Friendly,Spain,Colombia,0.0,1.0
2024-03-22,African Cup of Nations qualification,Chad,Mauritius,1.0,0.0
2024-03-22,African Cup of Nations qualification,São Tomé and Príncipe,South Sudan,1.0,1.0
2024-03-23,FIFA Series,Tunisia,Croatia,0.0,0.0
2024-03-23,Copa América qualification,Canada,Trinidad and Tobago,2.0,0.0
2024-03-23,Copa América qualification,Costa Rica,Honduras,3.0,1.0
2024-03-23,Friendly,Denmark,Switzerland,0.0,0.0
2024-03-23,Friendly,Dominican Republic,Aruba,2.0,0.0
2024-03-23,Friendly,England,Brazil,0.0,1.0
2024-03-23,Friendly,France,Germany,0.0,2.0
2024-03-23,Friendly,Ivory Coast,Benin,2.0,2.0
2024-03-23,Friendly,Republic of Ireland,Belgium,0.0,0.0
2024-03-23,Friendly,Slovakia,Austria,0.0,2.0
2024-03-23,Oceania Nations Cup qualification,Samoa,Cook Islands,1.0,0.0
2024-03-24,CONCACAF Nations League,Jamaica,Panama,1.0,0.0
2024-03-24,CONCACAF Nations League,United States,Mexico,2.0,0.0
2024-03-24,Friendly,Belize,Puerto Rico,3.0,0.0
2024-03-24,Friendly,Ecuador,Italy,0.0,2.0
2024-03-24,Friendly,Ethiopia,Lesotho,2.0,1.0
2024-03-24,Friendly,Guatemala,Venezuela,0.0,0.0
2024-03-24,Friendly,San Marino,Saint Kitts and Nevis,0.0,0.0
2024-03-24,Friendly,Suriname,Martinique,1.0,1.0
2024-03-25,FIFA Series,Bolivia,Andorra,1.0,0.0
2024-03-25,FIFA Series,Azerbaijan,Bulgaria,1.0,1.0
2024-03-25,FIFA Series,Tanzania,Mongolia,3.0,0.0
2024-03-25,FIFA Series,Cape Verde,Equatorial Guinea,1.0,0.0
2024-03-25,FIFA Series,Bermuda,Guinea,1.0,5.0
2024-03-25,FIFA Series,Central African Republic,Papua New Guinea,4.0,0.0
2024-03-25,FIFA Series,Sri Lanka,Bhutan,2.0,0.0
2024-03-25,Friendly,Comoros,Angola,0.0,0.0
2024-03-25,Friendly,Cyprus,Serbia,0.0,1.0
2024-03-25,Friendly,Gabon,Congo,1.0,1.0
2024-03-25,Friendly,Montenegro,North Macedonia,1.0,0.0
2024-03-25,Friendly,Sweden,Albania,1.0,0.0
2024-03-26,FIFA Series,Algeria,South Africa,3.0,3.0
2024-03-26,FIFA Series,Egypt,Croatia,2.0,4.0
2024-03-26,FIFA Series,New Zealand,Tunisia,0.0,0.0
2024-03-26,FIFA Series,Cambodia,Guyana,1.0,4.0
2024-03-26,FIFA Series,Brunei,Vanuatu,3.0,2.0
2024-03-26,UEFA Nations League,Lithuania,Gibraltar,1.0,0.0
2024-03-26,UEFA Euro qualification,Wales,Poland,0.0,0.0
2024-03-26,UEFA Euro qualification,Ukraine,Iceland,2.0,1.0
2024-03-26,UEFA Euro qualification,Georgia,Greece,0.0,0.0
2024-03-26,FIFA World Cup qualification,India,Afghanistan,1.0,2.0
2024-03-26,FIFA World Cup qualification,Kuwait,Qatar,1.0,2.0
2024-03-26,FIFA World Cup qualification,Syria,Myanmar,7.0,0.0
2024-03-26,FIFA World Cup qualification,Thailand,South Korea,0.0,3.0
2024-03-26,FIFA World Cup qualification,China,Singapore,4.0,1.0
2024-03-26,FIFA World Cup qualification,Kyrgyzstan,Taiwan,5.0,1.0
2024-03-26,FIFA World Cup qualification,Malaysia,Oman,0.0,2.0
2024-03-26,FIFA World Cup qualification,Uzbekistan,Hong Kong,3.0,0.0
2024-03-26,FIFA World Cup qualification,Turkmenistan,Iran,0.0,1.0
2024-03-26,FIFA World Cup qualification,Philippines,Iraq,0.0,5.0
2024-03-26,FIFA World Cup qualification,Vietnam,Indonesia,0.0,3.0
2024-03-26,FIFA World Cup qualification,Tajikistan,Saudi Arabia,1.0,1.0
2024-03-26,FIFA World Cup qualification,Jordan,Pakistan,7.0,0.0
2024-03-26,FIFA World Cup qualification,Bahrain,Nepal,3.0,0.0
2024-03-26,FIFA World Cup qualification,Yemen,United Arab Emirates,0.0,3.0
2024-03-26,FIFA World Cup qualification,Bangladesh,Palestine,0.0,1.0
2024-03-26,FIFA World Cup qualification,Australia,Lebanon,5.0,0.0
2024-03-26,FIFA World Cup qualification,British Virgin Islands,United States Virgin Islands,0.0,0.0
2024-03-26,FIFA World Cup qualification,Turks and Caicos Islands,Anguilla,1.0,1.0
2024-03-26,Friendly,Argentina,Costa Rica,3.0,1.0
2024-03-26,Friendly,Austria,Turkey,6.0,1.0
2024-03-26,Friendly,Colombia,Romania,3.0,2.0
2024-03-26,Friendly,Czech Republic,Armenia,2.0,1.0
2024-03-26,Friendly,Denmark,Faroe Islands,2.0,0.0
2024-03-26,Friendly,El Salvador,Honduras,1.0,1.0
2024-03-26,Friendly,England,Belgium,2.0,2.0
2024-03-26,Friendly,France,Chile,3.0,2.0
2024-03-26,Friendly,Germany,Netherlands,2.0,1.0
2024-03-26,Friendly,Hungary,Kosovo,2.0,0.0
2024-03-26,Friendly,Ivory Coast,Uruguay,2.0,1.0
2024-03-26,Friendly,Latvia,Liechtenstein,1.0,1.0
2024-03-26,Friendly,Malta,Belarus,0.0,0.0
2024-03-26,Friendly,Morocco,Mauritania,0.0,0.0
2024-03-26,Friendly,Nicaragua,Cuba,0.0,1.0
2024-03-26,Friendly,Norway,Slovakia,1.0,1.0
2024-03-26,Friendly,Peru,Dominican Republic,4.0,1.0
2024-03-26,Friendly,Republic of Ireland,Switzerland,0.0,1.0
2024-03-26,Friendly,Scotland,Northern Ireland,0.0,1.0
2024-03-26,Friendly,Senegal,Benin,1.0,0.0
2024-03-26,Friendly,Slovenia,Portugal,2.0,0.0
2024-03-26,Friendly,Spain,Brazil,3.0,3.0
2024-03-26,Friendly,Finland,Estonia,2.0,1.0
2024-03-26,African Cup of Nations qualification,Liberia,Djibouti,0.0,0.0
2024-03-26,African Cup of Nations qualification,Eswatini,Somalia,2.0,2.0
2024-03-26,African Cup of Nations qualification,Mauritius,Chad,1.0,2.0
2024-03-26,African Cup of Nations qualification,South Sudan,São Tomé and Príncipe,0.0,0.0
2024-03-26,Oceania Nations Cup qualification,Tonga,Cook Islands,0.0,1.0
2024-04-06,Marianas Cup,Northern Mariana Islands,Guam,2.0,2.0
2024-04-07,Marianas Cup,Northern Mariana Islands,Guam,2.0,1.0
2024-04-14,Friendly,Trinidad and Tobago,Guyana,2.0,1.0
2024-04-16,Friendly,Trinidad and Tobago,Guyana,2.0,0.0
2024-04-26,Friendly,Grenada,Saint Vincent and the Grenadines,0.0,3.0
2024-04-26,Friendly,Guatemala,Nicaragua,1.0,1.0
2024-05-21,Friendly,Galicia,Panama,0.0,2.0
2024-05-21,Friendly,Basque Country,Uruguay,1.0,1.0
2024-05-31,Friendly,Bolivia,Mexico,0.0,1.0
2024-05-31,Friendly,Costa Rica,Uruguay,0.0,0.0
2024-06-01,Friendly,Greenland,Turkmenistan,0.0,5.0
2024-06-02,Friendly,Indonesia,Tanzania,0.0,0.0
2024-06-03,Friendly,Albania,Liechtenstein,3.0,0.0
2024-06-03,Friendly,Croatia,North Macedonia,3.0,0.0
2024-06-03,Friendly,England,Bosnia and Herzegovina,3.0,0.0
2024-06-03,Friendly,Germany,Ukraine,0.0,0.0
2024-06-03,Friendly,Gibraltar,Scotland,0.0,2.0
2024-06-04,Friendly,Austria,Serbia,2.0,1.0
2024-06-04,Friendly,Italy,Turkey,0.0,0.0
2024-06-04,Friendly,Portugal,Finland,4.0,2.0
2024-06-04,Friendly,Republic of Ireland,Hungary,2.0,1.0
2024-06-04,Friendly,Romania,Bulgaria,0.0,0.0
2024-06-04,Friendly,Slovenia,Armenia,2.0,1.0
2024-06-04,Friendly,Switzerland,Estonia,4.0,0.0
2024-06-05,Friendly,Belgium,Montenegro,2.0,0.0
2024-06-05,Friendly,Denmark,Sweden,2.0,1.0
2024-06-05,Friendly,France,Luxembourg,3.0,0.0
2024-06-05,Friendly,Mexico,Uruguay,0.0,4.0
2024-06-05,Friendly,Norway,Kosovo,3.0,0.0
2024-06-05,Friendly,San Marino,Slovakia,0.0,4.0
2024-06-05,Friendly,Spain,Andorra,5.0,0.0
2024-06-05,FIFA World Cup qualification,Sierra Leone,Djibouti,2.0,1.0
2024-06-05,FIFA World Cup qualification,Togo,South Sudan,1.0,1.0
2024-06-05,FIFA World Cup qualification,Namibia,Liberia,1.0,1.0
2024-06-05,FIFA World Cup qualification,Tunisia,Equatorial Guinea,1.0,0.0
2024-06-05,FIFA World Cup qualification,Central African Republic,Chad,1.0,0.0
2024-06-05,FIFA World Cup qualification,Antigua and Barbuda,Bermuda,1.0,1.0
2024-06-05,FIFA World Cup qualification,Trinidad and Tobago,Grenada,2.0,2.0
2024-06-05,FIFA World Cup qualification,Curaçao,Barbados,4.0,1.0
2024-06-05,FIFA World Cup qualification,Nicaragua,Montserrat,4.0,1.0
2024-06-05,FIFA World Cup qualification,Guatemala,Dominica,6.0,0.0
2024-06-05,FIFA World Cup qualification,Suriname,Saint Vincent and the Grenadines,4.0,1.0
2024-06-06,Friendly,Gibraltar,Wales,0.0,0.0
2024-06-06,Friendly,Netherlands,Canada,4.0,0.0
2024-06-06,FIFA World Cup qualification,Guinea-Bissau,Ethiopia,0.0,0.0
2024-06-06,FIFA World Cup qualification,Egypt,Burkina Faso,2.0,1.0
2024-06-06,FIFA World Cup qualification,Mauritania,Sudan,0.0,2.0
2024-06-06,FIFA World Cup qualification,Senegal,DR Congo,1.0,1.0
2024-06-06,FIFA World Cup qualification,Benin,Rwanda,1.0,0.0
2024-06-06,FIFA World Cup qualification,Libya,Mauritius,2.0,1.0
2024-06-06,FIFA World Cup qualification,Algeria,Guinea,1.0,2.0
2024-06-06,FIFA World Cup qualification,Malawi,São Tomé and Príncipe,3.0,1.0
2024-06-06,FIFA World Cup qualification,Mali,Ghana,1.0,2.0
2024-06-06,FIFA World Cup qualification,Afghanistan,Qatar,0.0,0.0
2024-06-06,FIFA World Cup qualification,India,Kuwait,0.0,0.0
2024-06-06,FIFA World Cup qualification,Myanmar,Japan,0.0,5.0
2024-06-06,FIFA World Cup qualification,North Korea,Syria,1.0,0.0
2024-06-06,FIFA World Cup qualification,China,Thailand,1.0,1.0
2024-06-06,FIFA World Cup qualification,Singapore,South Korea,0.0,7.0
2024-06-06,FIFA World Cup qualification,Taiwan,Oman,0.0,3.0
2024-06-06,FIFA World Cup qualification,Kyrgyzstan,Malaysia,1.0,1.0
2024-06-06,FIFA World Cup qualification,Uzbekistan,Turkmenistan,3.0,1.0
2024-06-06,FIFA World Cup qualification,Hong Kong,Iran,2.0,4.0
2024-06-06,FIFA World Cup qualification,Indonesia,Iraq,0.0,2.0
2024-06-06,FIFA World Cup qualification,Vietnam,Philippines,3.0,2.0
2024-06-06,FIFA World Cup qualification,Jordan,Tajikistan,3.0,0.0
2024-06-06,FIFA World Cup qualification,Pakistan,Saudi Arabia,0.0,3.0
2024-06-06,FIFA World Cup qualification,Nepal,United Arab Emirates,0.0,4.0
2024-06-06,FIFA World Cup qualification,Bahrain,Yemen,0.0,0.0
2024-06-06,FIFA World Cup qualification,Bangladesh,Australia,0.0,2.0
2024-06-06,FIFA World Cup qualification,Palestine,Lebanon,0.0,0.0
2024-06-06,FIFA World Cup qualification,Honduras,Cuba,3.0,1.0
2024-06-06,FIFA World Cup qualification,Costa Rica,Saint Kitts and Nevis,4.0,0.0
2024-06-06,FIFA World Cup qualification,Haiti,Saint Lucia,2.0,1.0
2024-06-06,FIFA World Cup qualification,Panama,Guyana,2.0,0.0
2024-06-06,FIFA World Cup qualification,Jamaica,Dominican Republic,1.0,0.0
2024-06-06,FIFA World Cup qualification,El Salvador,Puerto Rico,0.0,0.0
2024-06-07,Friendly,Albania,Azerbaijan,3.0,1.0
2024-06-07,Friendly,Armenia,Kazakhstan,2.0,1.0
2024-06-07,Friendly,Belarus,Russia,0.0,4.0
2024-06-07,Friendly,Cambodia,Mongolia,2.0,0.0
2024-06-07,Friendly,Czech Republic,Malta,7.0,1.0
2024-06-07,Friendly,England,Iceland,0.0,1.0
2024-06-07,Friendly,Germany,Greece,2.0,1.0
2024-06-07,Friendly,Peru,Paraguay,0.0,0.0
2024-06-07,Friendly,Poland,Ukraine,3.0,1.0
2024-06-07,Friendly,Romania,Liechtenstein,0.0,0.0
2024-06-07,Friendly,Scotland,Finland,2.0,2.0
2024-06-07,FIFA World Cup qualification,Zimbabwe,Lesotho,0.0,2.0
2024-06-07,FIFA World Cup qualification,Nigeria,South Africa,1.0,1.0
2024-06-07,FIFA World Cup qualification,Angola,Eswatini,1.0,0.0
2024-06-07,FIFA World Cup qualification,Morocco,Zambia,2.0,1.0
2024-06-07,FIFA World Cup qualification,Kenya,Burundi,1.0,1.0
2024-06-07,FIFA World Cup qualification,Ivory Coast,Gabon,1.0,0.0
2024-06-07,FIFA World Cup qualification,Mozambique,Somalia,2.0,1.0
2024-06-07,FIFA World Cup qualification,Uganda,Botswana,1.0,0.0
2024-06-07,FIFA World Cup qualification,Madagascar,Comoros,2.0,1.0
2024-06-08,Friendly,Brunei,Sri Lanka,1.0,0.0
2024-06-08,Baltic Cup,Latvia,Lithuania,0.0,2.0
2024-06-08,Baltic Cup,Estonia,Faroe Islands,4.0,1.0
2024-06-08,Friendly,Belgium,Luxembourg,3.0,0.0
2024-06-08,Friendly,Denmark,Norway,3.0,1.0
2024-06-08,Friendly,Hungary,Israel,3.0,0.0
2024-06-08,Friendly,Mexico,Brazil,2.0,3.0
2024-06-08,Friendly,Moldova,Cyprus,3.0,2.0
2024-06-08,Friendly,Portugal,Croatia,1.0,2.0
2024-06-08,Friendly,Slovenia,Bulgaria,1.0,1.0
2024-06-08,Friendly,Spain,Northern Ireland,5.0,1.0
2024-06-08,Friendly,Sweden,Serbia,0.0,3.0
2024-06-08,Friendly,Switzerland,Austria,1.0,1.0
2024-06-08,Friendly,United States,Colombia,1.0,5.0
2024-06-08,FIFA World Cup qualification,Cameroon,Cape Verde,4.0,1.0
2024-06-08,FIFA World Cup qualification,Gambia,Seychelles,5.0,1.0
2024-06-08,FIFA World Cup qualification,Cayman Islands,Antigua and Barbuda,1.0,0.0
2024-06-08,FIFA World Cup qualification,Bahamas,Trinidad and Tobago,1.0,7.0
2024-06-08,FIFA World Cup qualification,Aruba,Curaçao,0.0,2.0
2024-06-08,FIFA World Cup qualification,Belize,Nicaragua,0.0,4.0
2024-06-08,FIFA World Cup qualification,British Virgin Islands,Guatemala,0.0,3.0
2024-06-08,FIFA World Cup qualification,Anguilla,Suriname,0.0,4.0
2024-06-09,Friendly,Argentina,Ecuador,1.0,0.0
2024-06-09,Friendly,France,Canada,0.0,0.0
2024-06-09,Friendly,Italy,Bosnia and Herzegovina,1.0,0.0
2024-06-09,Friendly,Montenegro,Georgia,1.0,3.0
2024-06-09,Friendly,Slovakia,Wales,4.0,0.0
2024-06-09,FIFA World Cup qualification,Djibouti,Ethiopia,1.0,1.0
2024-06-09,FIFA World Cup qualification,Mauritania,Senegal,0.0,1.0
2024-06-09,FIFA World Cup qualification,DR Congo,Togo,1.0,0.0
2024-06-09,FIFA World Cup qualification,São Tomé and Príncipe,Liberia,0.0,1.0
2024-06-09,FIFA World Cup qualification,Namibia,Tunisia,0.0,0.0
2024-06-09,FIFA World Cup qualification,Bermuda,Honduras,1.0,6.0
2024-06-09,FIFA World Cup qualification,Grenada,Costa Rica,0.0,3.0
2024-06-09,FIFA World Cup qualification,Barbados,Haiti,1.0,3.0
2024-06-09,FIFA World Cup qualification,Montserrat,Panama,1.0,3.0
2024-06-09,FIFA World Cup qualification,Dominica,Jamaica,2.0,3.0
2024-06-09,FIFA World Cup qualification,Saint Vincent and the Grenadines,El Salvador,1.0,3.0
2024-06-10,Friendly,Czech Republic,North Macedonia,2.0,1.0
2024-06-10,Friendly,Netherlands,Iceland,4.0,0.0
2024-06-10,Friendly,Poland,Turkey,2.0,1.0
2024-06-10,FIFA World Cup qualification,Guinea-Bissau,Egypt,1.0,1.0
2024-06-10,FIFA World Cup qualification,Burkina Faso,Sierra Leone,2.0,2.0
2024-06-10,FIFA World Cup qualification,Benin,Nigeria,2.0,1.0
2024-06-10,FIFA World Cup qualification,Somalia,Botswana,1.0,3.0
2024-06-10,FIFA World Cup qualification,Uganda,Algeria,1.0,2.0
2024-06-10,FIFA World Cup qualification,Guinea,Mozambique,0.0,1.0
2024-06-10,FIFA World Cup qualification,Equatorial Guinea,Malawi,1.0,0.0
2024-06-10,FIFA World Cup qualification,Ghana,Central African Republic,4.0,3.0
2024-06-11,Baltic Cup,Latvia,Faroe Islands,1.0,0.0
2024-06-11,Baltic Cup,Lithuania,Estonia,1.0,1.0
2024-06-11,Friendly,Brunei,Sri Lanka,1.0,0.0
2024-06-11,Friendly,Andorra,Northern Ireland,0.0,2.0
2024-06-11,Friendly,Azerbaijan,Kazakhstan,3.0,2.0
2024-06-11,Friendly,Chile,Paraguay,3.0,0.0
2024-06-11,Friendly,Greece,Malta,2.0,0.0
2024-06-11,Friendly,Israel,Belarus,4.0,0.0
2024-06-11,Friendly,Moldova,Ukraine,0.0,4.0
2024-06-11,Friendly,Mongolia,Cambodia,2.0,1.0
2024-06-11,Friendly,Portugal,Republic of Ireland,3.0,0.0
2024-06-11,Friendly,San Marino,Cyprus,1.0,4.0
2024-06-11,FIFA World Cup qualification,South Sudan,Sudan,0.0,3.0
2024-06-11,FIFA World Cup qualification,Lesotho,Rwanda,0.0,1.0
2024-06-11,FIFA World Cup qualification,South Africa,Zimbabwe,3.0,1.0
2024-06-11,FIFA World Cup qualification,Cape Verde,Libya,1.0,0.0
2024-06-11,FIFA World Cup qualification,Mauritius,Eswatini,2.0,1.0
2024-06-11,FIFA World Cup qualification,Angola,Cameroon,1.0,1.0
2024-06-11,FIFA World Cup qualification,Zambia,Tanzania,0.0,1.0
2024-06-11,FIFA World Cup qualification,Morocco,Congo,6.0,0.0
2024-06-11,FIFA World Cup qualification,Kenya,Ivory Coast,0.0,0.0
2024-06-11,FIFA World Cup qualification,Gabon,Gambia,3.0,2.0
2024-06-11,FIFA World Cup qualification,Seychelles,Burundi,1.0,3.0
2024-06-11,FIFA World Cup qualification,Madagascar,Mali,0.0,0.0
2024-06-11,FIFA World Cup qualification,Chad,Comoros,0.0,2.0
2024-06-11,FIFA World Cup qualification,Kuwait,Afghanistan,1.0,0.0
2024-06-11,FIFA World Cup qualification,Qatar,India,2.0,1.0
2024-06-11,FIFA World Cup qualification,Japan,Syria,5.0,0.0
2024-06-11,FIFA World Cup qualification,North Korea,Myanmar,4.0,1.0
2024-06-11,FIFA World Cup qualification,Thailand,Singapore,3.0,1.0
2024-06-11,FIFA World Cup qualification,South Korea,China,1.0,0.0
2024-06-11,FIFA World Cup qualification,Oman,Kyrgyzstan,1.0,1.0
2024-06-11,FIFA World Cup qualification,Malaysia,Taiwan,3.0,1.0
2024-06-11,FIFA World Cup qualification,Turkmenistan,Hong Kong,0.0,0.0
2024-06-11,FIFA World Cup qualification,Iran,Uzbekistan,0.0,0.0
2024-06-11,FIFA World Cup qualification,Indonesia,Philippines,2.0,0.0
2024-06-11,FIFA World Cup qualification,Iraq,Vietnam,3.0,1.0
2024-06-11,FIFA World Cup qualification,Tajikistan,Pakistan,3.0,0.0
2024-06-11,FIFA World Cup qualification,Saudi Arabia,Jordan,1.0,2.0
2024-06-11,FIFA World Cup qualification,United Arab Emirates,Bahrain,1.0,1.0
2024-06-11,FIFA World Cup qualification,Yemen,Nepal,2.0,2.0
2024-06-11,FIFA World Cup qualification,Lebanon,Bangladesh,4.0,0.0
2024-06-11,FIFA World Cup qualification,Australia,Palestine,5.0,0.0
2024-06-11,FIFA World Cup qualification,Cuba,Cayman Islands,3.0,0.0
2024-06-11,FIFA World Cup qualification,Saint Kitts and Nevis,Bahamas,1.0,0.0
2024-06-11,FIFA World Cup qualification,Saint Lucia,Aruba,2.0,2.0
2024-06-11,FIFA World Cup qualification,Guyana,Belize,3.0,1.0
2024-06-11,FIFA World Cup qualification,Dominican Republic,British Virgin Islands,4.0,0.0
2024-06-11,FIFA World Cup qualification,Puerto Rico,Anguilla,8.0,0.0
2024-06-12,Friendly,Ecuador,Bolivia,3.0,1.0
2024-06-12,Friendly,United States,Brazil,1.0,1.0
2024-06-14,UEFA Euro,Germany,Scotland,5.0,1.0
2024-06-14,Friendly,Argentina,Guatemala,4.0,1.0
2024-06-14,Friendly,El Salvador,Peru,0.0,1.0
2024-06-15,UEFA Euro,Hungary,Switzerland,1.0,3.0
2024-06-15,UEFA Euro,Spain,Croatia,3.0,0.0
2024-06-15,UEFA Euro,Italy,Albania,2.0,1.0
2024-06-15,Friendly,Colombia,Bolivia,3.0,0.0
2024-06-15,Oceania Nations Cup,Vanuatu,Solomon Islands,1.0,0.0
2024-06-16,Friendly,Ecuador,Honduras,2.0,1.0
2024-06-16,UEFA Euro,Slovenia,Denmark,1.0,1.0
2024-06-16,UEFA Euro,Serbia,England,0.0,1.0
2024-06-16,UEFA Euro,Poland,Netherlands,1.0,2.0
2024-06-16,Friendly,Panama,Paraguay,0.0,1.0
2024-06-16,Oceania Nations Cup,Tahiti,Samoa,2.0,0.0
2024-06-16,Oceania Nations Cup,Fiji,Papua New Guinea,5.0,1.0
2024-06-17,UEFA Euro,Austria,France,0.0,1.0
2024-06-17,UEFA Euro,Romania,Ukraine,3.0,0.0
2024-06-17,UEFA Euro,Belgium,Slovakia,0.0,1.0
2024-06-18,UEFA Euro,Turkey,Georgia,3.0,1.0
2024-06-18,UEFA Euro,Portugal,Czech Republic,2.0,1.0
2024-06-18,Oceania Nations Cup,New Zealand,Solomon Islands,3.0,0.0
2024-06-19,UEFA Euro,Germany,Hungary,2.0,0.0
2024-06-19,UEFA Euro,Scotland,Switzerland,1.0,1.0
2024-06-19,UEFA Euro,Croatia,Albania,2.0,2.0
2024-06-19,Oceania Nations Cup,Papua New Guinea,Tahiti,1.0,1.0
2024-06-19,Oceania Nations Cup,Fiji,Samoa,9.0,1.0
2024-06-20,UEFA Euro,Spain,Italy,1.0,0.0
2024-06-20,UEFA Euro,Slovenia,Serbia,1.0,1.0
2024-06-20,UEFA Euro,Denmark,England,1.0,1.0
2024-06-20,Copa América,Argentina,Canada,2.0,0.0
2024-06-21,UEFA Euro,Poland,Austria,1.0,3.0
2024-06-21,UEFA Euro,Netherlands,France,0.0,0.0
2024-06-21,UEFA Euro,Slovakia,Ukraine,1.0,2.0
2024-06-21,Oceania Nations Cup,Vanuatu,New Zealand,0.0,4.0
2024-06-21,Copa América,Peru,Chile,0.0,0.0
2024-06-22,UEFA Euro,Belgium,Romania,2.0,0.0
2024-06-22,UEFA Euro,Georgia,Czech Republic,1.0,1.0
2024-06-22,UEFA Euro,Turkey,Portugal,0.0,3.0
2024-06-22,Oceania Nations Cup,Samoa,Papua New Guinea,1.0,2.0
2024-06-22,Oceania Nations Cup,Fiji,Tahiti,1.0,0.0
2024-06-22,Copa América,Ecuador,Venezuela,1.0,2.0
2024-06-22,Copa América,Mexico,Jamaica,1.0,0.0
2024-06-23,UEFA Euro,Germany,Switzerland,1.0,1.0
2024-06-23,UEFA Euro,Scotland,Hungary,0.0,1.0
2024-06-23,Copa América,United States,Bolivia,2.0,0.0
2024-06-23,Copa América,Uruguay,Panama,3.0,1.0
2024-06-24,UEFA Euro,Albania,Spain,0.0,1.0
2024-06-24,UEFA Euro,Croatia,Italy,1.0,1.0
2024-06-24,Copa América,Colombia,Paraguay,2.0,1.0
2024-06-24,Copa América,Brazil,Costa Rica,0.0,0.0
2024-06-25,UEFA Euro,England,Slovenia,0.0,0.0
2024-06-25,UEFA Euro,Denmark,Serbia,0.0,0.0
2024-06-25,UEFA Euro,Netherlands,Austria,2.0,3.0
2024-06-25,UEFA Euro,France,Poland,1.0,1.0
2024-06-25,Copa América,Peru,Canada,0.0,1.0
2024-06-25,Copa América,Chile,Argentina,0.0,1.0
2024-06-26,UEFA Euro,Slovakia,Romania,1.0,1.0
2024-06-26,UEFA Euro,Ukraine,Belgium,0.0,0.0
2024-06-26,UEFA Euro,Georgia,Portugal,2.0,0.0
2024-06-26,UEFA Euro,Czech Republic,Turkey,1.0,2.0
2024-06-26,Copa América,Ecuador,Jamaica,3.0,1.0
2024-06-26,Copa América,Venezuela,Mexico,1.0,0.0
2024-06-27,Oceania Nations Cup,Vanuatu,Fiji,2.0,1.0
2024-06-27,Oceania Nations Cup,New Zealand,Tahiti,5.0,0.0
2024-06-27,Copa América,United States,Panama,1.0,2.0
2024-06-27,Copa América,Uruguay,Bolivia,5.0,0.0
2024-06-28,Copa América,Colombia,Costa Rica,3.0,0.0
2024-06-28,Copa América,Paraguay,Brazil,1.0,4.0
2024-06-29,UEFA Euro,Switzerland,Italy,2.0,0.0
2024-06-29,UEFA Euro,Germany,Denmark,2.0,0.0
2024-06-29,Copa América,Argentina,Peru,2.0,0.0
2024-06-29,Copa América,Canada,Chile,0.0,0.0
2024-06-30,UEFA Euro,England,Slovakia,2.0,1.0
2024-06-30,UEFA Euro,Spain,Georgia,4.0,1.0
2024-06-30,Oceania Nations Cup,Tahiti,Fiji,2.0,1.0
2024-06-30,Oceania Nations Cup,Vanuatu,New Zealand,0.0,3.0
2024-06-30,Copa América,Mexico,Ecuador,0.0,0.0
2024-06-30,Copa América,Jamaica,Venezuela,0.0,3.0
2024-07-01,UEFA Euro,France,Belgium,1.0,0.0
2024-07-01,UEFA Euro,Portugal,Slovenia,0.0,0.0
2024-07-01,Copa América,United States,Uruguay,0.0,1.0
2024-07-01,Copa América,Bolivia,Panama,1.0,3.0
2024-07-02,UEFA Euro,Romania,Netherlands,0.0,3.0
2024-07-02,UEFA Euro,Austria,Turkey,1.0,2.0
2024-07-02,Copa América,Brazil,Colombia,1.0,1.0
2024-07-02,Copa América,Costa Rica,Paraguay,2.0,1.0
2024-07-04,Copa América,Argentina,Ecuador,1.0,1.0
2024-07-05,UEFA Euro,Germany,Spain,1.0,2.0
2024-07-05,UEFA Euro,Portugal,France,0.0,0.0
2024-07-05,Copa América,Venezuela,Canada,1.0,1.0
2024-07-06,UEFA Euro,England,Switzerland,1.0,1.0
2024-07-06,UEFA Euro,Netherlands,Turkey,2.0,1.0
2024-07-06,Copa América,Uruguay,Brazil,0.0,0.0
2024-07-06,Copa América,Colombia,Panama,5.0,0.0
2024-07-09,UEFA Euro,Spain,France,2.0,1.0
2024-07-09,Copa América,Argentina,Canada,2.0,0.0
2024-07-10,UEFA Euro,Netherlands,England,1.0,2.0
2024-07-10,Copa América,Uruguay,Colombia,0.0,1.0
2024-07-13,Copa América,Canada,Uruguay,2.0,2.0
2024-07-14,UEFA Euro,Spain,England,2.0,1.0
2024-07-14,Copa América,Argentina,Colombia,1.0,0.0
2024-07-27,Friendly,Guatemala,El Salvador,0.0,1.0
2024-07-27,Friendly,Jordan,North Korea,0.0,0.0
2024-08-29,Friendly,Jordan,North Korea,2.0,1.0
2024-09-01,Friendly,Guatemala,Uruguay,1.0,1.0
2024-09-02,Tri-Nations Series,Fiji,Solomon Islands,1.0,0.0
2024-09-02,Tri-Nations Series,Fiji,Hong Kong,1.0,1.0
2024-09-03,Intercontinental Cup,India,Mauritius,0.0,0.0
2024-09-04,Friendly,Gibraltar,Andorra,1.0,0.0
2024-09-04,Merdeka Tournament,Lebanon,Tajikistan,1.0,0.0
2024-09-04,Merdeka Tournament,Malaysia,Philippines,2.0,1.0
2024-09-04,African Cup of Nations qualification,Comoros,Gambia,1.0,1.0
2024-09-04,African Cup of Nations qualification,Libya,Rwanda,1.0,1.0
2024-09-04,African Cup of Nations qualification,Sudan,Niger,1.0,0.0
2024-09-04,African Cup of Nations qualification,Tanzania,Ethiopia,0.0,0.0
2024-09-04,CONCACAF Nations League,United States Virgin Islands,Bahamas,3.0,3.0
2024-09-04,CONCACAF Nations League,Turks and Caicos Islands,Anguilla,0.0,2.0
2024-09-04,CONCACAF Nations League,Cayman Islands,British Virgin Islands,1.0,0.0
2024-09-05,Tri-Nations Series,Hong Kong,Solomon Islands,3.0,0.0
2024-09-05,Friendly,Bhutan,Bangladesh,0.0,1.0
2024-09-05,Friendly,Vietnam,Russia,0.0,3.0
2024-09-05,AFC Asian Cup qualification,Sri Lanka,Cambodia,0.0,0.0
2024-09-05,AFC Asian Cup qualification,Timor-Leste,Mongolia,4.0,1.0
2024-09-05,African Cup of Nations qualification,Tunisia,Madagascar,1.0,0.0
2024-09-05,African Cup of Nations qualification,Central African Republic,Lesotho,3.0,1.0
2024-09-05,African Cup of Nations qualification,Algeria,Equatorial Guinea,2.0,0.0
2024-09-05,African Cup of Nations qualification,Ghana,Angola,0.0,1.0
2024-09-05,African Cup of Nations qualification,Guinea-Bissau,Eswatini,1.0,0.0
2024-09-05,African Cup of Nations qualification,Congo,South Sudan,1.0,0.0
2024-09-05,African Cup of Nations qualification,Malawi,Burundi,2.0,3.0
2024-09-05,CONCACAF Nations League,Guyana,Suriname,1.0,3.0
2024-09-05,CONCACAF Nations League,Costa Rica,Guadeloupe,3.0,0.0
2024-09-05,CONCACAF Nations League,Guatemala,Martinique,3.0,1.0
2024-09-05,CONCACAF Nations League,Montserrat,El Salvador,1.0,4.0
2024-09-05,CONCACAF Nations League,Bonaire,Saint Vincent and the Grenadines,1.0,1.0
2024-09-05,UEFA Nations League,Portugal,Croatia,2.0,1.0
2024-09-05,UEFA Nations League,Scotland,Poland,2.0,3.0
2024-09-05,UEFA Nations League,Denmark,Switzerland,2.0,0.0
2024-09-05,UEFA Nations League,Serbia,Spain,0.0,0.0
2024-09-05,UEFA Nations League,Azerbaijan,Sweden,1.0,3.0
2024-09-05,UEFA Nations League,Estonia,Slovakia,0.0,1.0
2024-09-05,UEFA Nations League,Northern Ireland,Luxembourg,2.0,0.0
2024-09-05,UEFA Nations League,Belarus,Bulgaria,0.0,0.0
2024-09-05,UEFA Nations League,San Marino,Liechtenstein,1.0,0.0
2024-09-05,FIFA World Cup qualification,Bolivia,Venezuela,4.0,0.0
2024-09-05,FIFA World Cup qualification,Argentina,Chile,3.0,0.0
2024-09-05,FIFA World Cup qualification,Qatar,United Arab Emirates,1.0,3.0
2024-09-05,FIFA World Cup qualification,Uzbekistan,North Korea,1.0,0.0
2024-09-05,FIFA World Cup qualification,Iran,Kyrgyzstan,1.0,0.0
2024-09-05,FIFA World Cup qualification,Iraq,Oman,1.0,0.0
2024-09-05,FIFA World Cup qualification,South Korea,Palestine,0.0,0.0
2024-09-05,FIFA World Cup qualification,Jordan,Kuwait,1.0,1.0
2024-09-05,FIFA World Cup qualification,Japan,China,7.0,0.0
2024-09-05,FIFA World Cup qualification,Australia,Bahrain,0.0,1.0
2024-09-05,FIFA World Cup qualification,Saudi Arabia,Indonesia,1.0,1.0
2024-09-06,Intercontinental Cup,Syria,Mauritius,2.0,0.0
2024-09-06,AFC Asian Cup qualification,Brunei,Macau,3.0,0.0
2024-09-06,African Cup of Nations qualification,Morocco,Gabon,4.0,1.0
2024-09-06,African Cup of Nations qualification,Egypt,Cape Verde,3.0,0.0
2024-09-06,African Cup of Nations qualification,Togo,Liberia,1.0,1.0
2024-09-06,African Cup of Nations qualification,Sierra Leone,Chad,0.0,0.0
2024-09-06,African Cup of Nations qualification,Ivory Coast,Zambia,2.0,0.0
2024-09-06,African Cup of Nations qualification,DR Congo,Guinea,1.0,0.0
2024-09-06,African Cup of Nations qualification,Mali,Mozambique,1.0,1.0
2024-09-06,African Cup of Nations qualification,Kenya,Zimbabwe,0.0,0.0
2024-09-06,African Cup of Nations qualification,South Africa,Uganda,2.0,2.0
2024-09-06,African Cup of Nations qualification,Senegal,Burkina Faso,1.0,1.0
2024-09-06,CONCACAF Nations League,French Guiana,Nicaragua,0.0,1.0
2024-09-06,CONCACAF Nations League,Jamaica,Cuba,0.0,0.0
2024-09-06,CONCACAF Nations League,Honduras,Trinidad and Tobago,4.0,0.0
2024-09-06,CONCACAF Nations League,Saint Lucia,Curaçao,2.0,1.0
2024-09-06,CONCACAF Nations League,Grenada,Saint Martin,2.0,0.0
2024-09-06,CONCACAF Nations League,Sint Maarten,Aruba,2.0,0.0
2024-09-06,CONCACAF Nations League,Puerto Rico,Haiti,1.0,4.0
2024-09-06,UEFA Nations League,Belgium,Israel,3.0,1.0
2024-09-06,UEFA Nations League,France,Italy,1.0,3.0
2024-09-06,UEFA Nations League,Kazakhstan,Norway,0.0,0.0
2024-09-06,UEFA Nations League,Slovenia,Austria,1.0,1.0
2024-09-06,UEFA Nations League,Iceland,Montenegro,2.0,0.0
2024-09-06,UEFA Nations League,Wales,Turkey,0.0,0.0
2024-09-06,UEFA Nations League,Kosovo,Romania,0.0,3.0
2024-09-06,UEFA Nations League,Lithuania,Cyprus,0.0,1.0
2024-09-06,FIFA World Cup qualification,Cook Islands,Tonga,1.0,3.0
2024-09-06,FIFA World Cup qualification,Samoa,American Samoa,2.0,0.0
2024-09-06,FIFA World Cup qualification,Peru,Colombia,1.0,1.0
2024-09-06,FIFA World Cup qualification,Uruguay,Paraguay,0.0,0.0
2024-09-06,FIFA World Cup qualification,Brazil,Ecuador,1.0,0.0
2024-09-07,Friendly,Mexico,New Zealand,3.0,0.0
2024-09-07,Friendly,United States,Canada,1.0,2.0
2024-09-07,African Cup of Nations qualification,Mauritania,Botswana,1.0,0.0
2024-09-07,African Cup of Nations qualification,Nigeria,Benin,3.0,0.0
2024-09-07,African Cup of Nations qualification,Cameroon,Namibia,1.0,0.0
2024-09-07,CONCACAF Nations League,Bermuda,Dominican Republic,2.0,3.0
2024-09-07,CONCACAF Nations League,Antigua and Barbuda,Dominica,1.0,2.0
2024-09-07,CONCACAF Nations League,Bahamas,Barbados,2.0,3.0
2024-09-07,CONCACAF Nations League,Turks and Caicos Islands,Belize,0.0,4.0
2024-09-07,CONCACAF Nations League,Cayman Islands,Saint Kitts and Nevis,1.0,4.0
2024-09-07,UEFA Nations League,Germany,Hungary,5.0,0.0
2024-09-07,UEFA Nations League,Netherlands,Bosnia and Herzegovina,5.0,2.0
2024-09-07,UEFA Nations League,Georgia,Czech Republic,4.0,1.0
2024-09-07,UEFA Nations League,Ukraine,Albania,1.0,2.0
2024-09-07,UEFA Nations League,Republic of Ireland,England,0.0,2.0
2024-09-07,UEFA Nations League,Greece,Finland,3.0,0.0
2024-09-07,UEFA Nations League,Faroe Islands,North Macedonia,1.0,1.0
2024-09-07,UEFA Nations League,Armenia,Latvia,4.0,1.0
2024-09-07,UEFA Nations League,Moldova,Malta,2.0,0.0
2024-09-08,Friendly,Bhutan,Bangladesh,1.0,0.0
2024-09-08,Merdeka Tournament,Tajikistan,Philippines,0.0,0.0
2024-09-08,Merdeka Tournament,Malaysia,Lebanon,1.0,0.0
2024-09-08,African Cup of Nations qualification,Gambia,Tunisia,1.0,2.0
2024-09-08,CONCACAF Nations League,Saint Vincent and the Grenadines,Montserrat,2.0,0.0
2024-09-08,CONCACAF Nations League,Bonaire,El Salvador,1.0,2.0
2024-09-08,UEFA Nations League,Portugal,Scotland,2.0,1.0
2024-09-08,UEFA Nations League,Croatia,Poland,1.0,0.0
2024-09-08,UEFA Nations League,Denmark,Serbia,2.0,0.0
2024-09-08,UEFA Nations League,Switzerland,Spain,1.0,4.0
2024-09-08,UEFA Nations League,Slovakia,Azerbaijan,2.0,0.0
2024-09-08,UEFA Nations League,Sweden,Estonia,3.0,0.0
2024-09-08,UEFA Nations League,Luxembourg,Belarus,0.0,1.0
2024-09-08,UEFA Nations League,Bulgaria,Northern Ireland,1.0,0.0
2024-09-08,UEFA Nations League,Gibraltar,Liechtenstein,2.0,2.0
2024-09-09,Intercontinental Cup,India,Syria,0.0,3.0
2024-09-09,African Cup of Nations qualification,Madagascar,Comoros,1.0,1.0
2024-09-09,African Cup of Nations qualification,Morocco,Lesotho,1.0,0.0
2024-09-09,African Cup of Nations qualification,Equatorial Guinea,Togo,2.0,2.0
2024-09-09,African Cup of Nations qualification,Niger,Ghana,1.0,1.0
2024-09-09,African Cup of Nations qualification,Angola,Sudan,2.0,1.0
2024-09-09,African Cup of Nations qualification,Ethiopia,DR Congo,0.0,2.0
2024-09-09,African Cup of Nations qualification,Uganda,Congo,2.0,0.0
2024-09-09,African Cup of Nations qualification,Burundi,Senegal,0.0,1.0
2024-09-09,CONCACAF Nations League,Guadeloupe,Suriname,1.0,0.0
2024-09-09,CONCACAF Nations League,Martinique,Guyana,2.0,2.0
2024-09-09,CONCACAF Nations League,Guatemala,Costa Rica,0.0,0.0
2024-09-09,CONCACAF Nations League,Curaçao,Saint Martin,4.0,0.0
2024-09-09,CONCACAF Nations League,Grenada,Saint Lucia,1.0,2.0
2024-09-09,CONCACAF Nations League,Haiti,Sint Maarten,6.0,0.0
2024-09-09,CONCACAF Nations League,Puerto Rico,Aruba,1.0,0.0
2024-09-09,UEFA Nations League,France,Belgium,2.0,0.0
2024-09-09,UEFA Nations League,Israel,Italy,1.0,2.0
2024-09-09,UEFA Nations League,Norway,Austria,2.0,1.0
2024-09-09,UEFA Nations League,Slovenia,Kazakhstan,3.0,0.0
2024-09-09,UEFA Nations League,Montenegro,Wales,1.0,2.0
2024-09-09,UEFA Nations League,Turkey,Iceland,3.0,1.0
2024-09-09,UEFA Nations League,Cyprus,Kosovo,0.0,4.0
2024-09-09,UEFA Nations League,Romania,Lithuania,3.0,1.0
2024-09-09,FIFA World Cup qualification,Samoa,Tonga,2.0,1.0
2024-09-10,Friendly,Mexico,Canada,0.0,0.0
2024-09-10,Friendly,Moldova,San Marino,1.0,0.0
2024-09-10,Friendly,United States,New Zealand,1.0,1.0
2024-09-10,Friendly,Vietnam,Thailand,1.0,2.0
2024-09-10,AFC Asian Cup qualification,Cambodia,Sri Lanka,2.0,2.0
2024-09-10,AFC Asian Cup qualification,Macau,Brunei,0.0,1.0
2024-09-10,AFC Asian Cup qualification,Mongolia,Timor-Leste,2.0,0.0
2024-09-10,African Cup of Nations qualification,Gabon,Central African Republic,2.0,0.0
2024-09-10,African Cup of Nations qualification,Botswana,Egypt,0.0,4.0
2024-09-10,African Cup of Nations qualification,Cape Verde,Mauritania,2.0,0.0
2024-09-10,African Cup of Nations qualification,Rwanda,Nigeria,0.0,0.0
2024-09-10,African Cup of Nations qualification,Benin,Libya,2.0,1.0
2024-09-10,African Cup of Nations qualification,Liberia,Algeria,0.0,3.0
2024-09-10,African Cup of Nations qualification,Zambia,Sierra Leone,3.0,2.0
2024-09-10,African Cup of Nations qualification,Chad,Ivory Coast,0.0,2.0
2024-09-10,African Cup of Nations qualification,Guinea,Tanzania,1.0,2.0
2024-09-10,African Cup of Nations qualification,Mozambique,Guinea-Bissau,2.0,1.0
2024-09-10,African Cup of Nations qualification,Eswatini,Mali,0.0,1.0
2024-09-10,African Cup of Nations qualification,Namibia,Kenya,1.0,2.0
2024-09-10,African Cup of Nations qualification,South Sudan,South Africa,2.0,3.0
2024-09-10,African Cup of Nations qualification,Burkina Faso,Malawi,3.0,1.0
2024-09-10,CONCACAF Nations League,Cuba,Nicaragua,1.0,1.0
2024-09-10,CONCACAF Nations League,Trinidad and Tobago,French Guiana,0.0,0.0
2024-09-10,CONCACAF Nations League,Honduras,Jamaica,1.0,2.0
2024-09-10,CONCACAF Nations League,Dominican Republic,Dominica,2.0,0.0
2024-09-10,CONCACAF Nations League,Antigua and Barbuda,Bermuda,0.0,1.0
2024-09-10,CONCACAF Nations League,United States Virgin Islands,Barbados,0.0,3.0
2024-09-10,CONCACAF Nations League,Belize,Anguilla,1.0,0.0
2024-09-10,CONCACAF Nations League,Saint Kitts and Nevis,British Virgin Islands,2.0,0.0
2024-09-10,UEFA Nations League,Hungary,Bosnia and Herzegovina,0.0,0.0
2024-09-10,UEFA Nations League,Netherlands,Germany,2.0,2.0
2024-09-10,UEFA Nations League,Albania,Georgia,0.0,1.0
2024-09-10,UEFA Nations League,Czech Republic,Ukraine,3.0,2.0
2024-09-10,UEFA Nations League,England,Finland,2.0,0.0
2024-09-10,UEFA Nations League,Republic of Ireland,Greece,0.0,2.0
2024-09-10,UEFA Nations League,Latvia,Faroe Islands,1.0,0.0
2024-09-10,UEFA Nations League,North Macedonia,Armenia,2.0,0.0
2024-09-10,UEFA Nations League,Andorra,Malta,0.0,1.0
2024-09-10,FIFA World Cup qualification,Colombia,Argentina,2.0,1.0
2024-09-10,FIFA World Cup qualification,Ecuador,Peru,1.0,0.0
2024-09-10,FIFA World Cup qualification,Chile,Bolivia,1.0,2.0
2024-09-10,FIFA World Cup qualification,Venezuela,Uruguay,0.0,0.0
2024-09-10,FIFA World Cup qualification,Paraguay,Brazil,1.0,0.0
2024-09-10,FIFA World Cup qualification,North Korea,Qatar,2.0,2.0
2024-09-10,FIFA World Cup qualification,Kyrgyzstan,Uzbekistan,2.0,3.0
2024-09-10,FIFA World Cup qualification,United Arab Emirates,Iran,0.0,1.0
2024-09-10,FIFA World Cup qualification,Oman,South Korea,1.0,3.0
2024-09-10,FIFA World Cup qualification,Kuwait,Iraq,0.0,0.0
2024-09-10,FIFA World Cup qualification,Palestine,Jordan,1.0,3.0
2024-09-10,FIFA World Cup qualification,Bahrain,Japan,0.0,5.0
2024-09-10,FIFA World Cup qualification,Indonesia,Australia,0.0,0.0
2024-09-10,FIFA World Cup qualification,China,Saudi Arabia,1.0,2.0
2024-09-10,African Cup of Nations qualification,Zimbabwe,Cameroon,0.0,0.0
2024-10-08,ASEAN Championship qualification,Brunei,Timor-Leste,0.0,1.0
2024-10-09,CONCACAF Nations League,Barbados,United States Virgin Islands,5.0,0.0
2024-10-09,CONCACAF Nations League,Belize,Anguilla,1.0,0.0
2024-10-09,CONCACAF Nations League,Saint Kitts and Nevis,British Virgin Islands,3.0,1.0
2024-10-10,Friendly,Liechtenstein,Hong Kong,1.0,0.0
2024-10-10,Friendly,Myanmar,Sri Lanka,2.0,0.0
2024-10-10,African Cup of Nations qualification,Cape Verde,Botswana,0.0,1.0
2024-10-10,African Cup of Nations qualification,Algeria,Togo,5.0,1.0
2024-10-10,African Cup of Nations qualification,Ghana,Sudan,0.0,0.0
2024-10-10,African Cup of Nations qualification,DR Congo,Tanzania,1.0,0.0
2024-10-10,African Cup of Nations qualification,Namibia,Zimbabwe,0.0,1.0
2024-10-10,African Cup of Nations qualification,Burkina Faso,Burundi,4.0,1.0
2024-10-10,CONCACAF Nations League,Cuba,Trinidad and Tobago,2.0,2.0
2024-10-10,CONCACAF Nations League,French Guiana,Honduras,2.0,3.0
2024-10-10,CONCACAF Nations League,Nicaragua,Jamaica,0.0,2.0
2024-10-10,CONCACAF Nations League,Bonaire,Montserrat,0.0,1.0
2024-10-10,CONCACAF Nations League,Saint Vincent and the Grenadines,El Salvador,2.0,3.0
2024-10-10,UEFA Nations League,Israel,France,1.0,4.0
2024-10-10,UEFA Nations League,Italy,Belgium,2.0,2.0
2024-10-10,UEFA Nations League,England,Greece,1.0,2.0
2024-10-10,UEFA Nations League,Finland,Republic of Ireland,1.0,2.0
2024-10-10,UEFA Nations League,Austria,Kazakhstan,4.0,0.0
2024-10-10,UEFA Nations League,Norway,Slovenia,3.0,0.0
2024-10-10,UEFA Nations League,Latvia,North Macedonia,0.0,3.0
2024-10-10,UEFA Nations League,Faroe Islands,Armenia,2.0,2.0
2024-10-10,UEFA Nations League,Gibraltar,San Marino,1.0,0.0
2024-10-10,UEFA Nations League,Moldova,Andorra,2.0,0.0
2024-10-10,FIFA World Cup qualification,Bolivia,Colombia,1.0,0.0
2024-10-10,FIFA World Cup qualification,Ecuador,Paraguay,0.0,0.0
2024-10-10,FIFA World Cup qualification,Venezuela,Argentina,1.0,1.0
2024-10-10,FIFA World Cup qualification,Chile,Brazil,1.0,2.0
2024-10-10,FIFA World Cup qualification,Papua New Guinea,New Caledonia,1.0,3.0
2024-10-10,FIFA World Cup qualification,Fiji,Solomon Islands,1.0,0.0
2024-10-10,FIFA World Cup qualification,Qatar,Kyrgyzstan,3.0,1.0
2024-10-10,FIFA World Cup qualification,Uzbekistan,Iran,0.0,0.0
2024-10-10,FIFA World Cup qualification,United Arab Emirates,North Korea,1.0,1.0
2024-10-10,FIFA World Cup qualification,Jordan,South Korea,0.0,2.0
2024-10-10,FIFA World Cup qualification,Oman,Kuwait,4.0,0.0
2024-10-10,FIFA World Cup qualification,Iraq,Palestine,1.0,0.0
2024-10-10,FIFA World Cup qualification,Bahrain,Indonesia,2.0,2.0
2024-10-10,FIFA World Cup qualification,Australia,China,3.0,1.0
2024-10-10,FIFA World Cup qualification,Saudi Arabia,Japan,0.0,2.0
2024-10-11,Friendly,Cambodia,Taiwan,3.0,2.0
2024-10-11,African Cup of Nations qualification,Madagascar,Gambia,1.0,1.0
2024-10-11,African Cup of Nations qualification,Tunisia,Comoros,0.0,1.0
2024-10-11,African Cup of Nations qualification,Gabon,Lesotho,0.0,0.0
2024-10-11,African Cup of Nations qualification,Egypt,Mauritania,2.0,0.0
2024-10-11,African Cup of Nations qualification,Benin,Rwanda,3.0,0.0
2024-10-11,African Cup of Nations qualification,Nigeria,Libya,1.0,0.0
2024-10-11,African Cup of Nations qualification,Equatorial Guinea,Liberia,1.0,0.0
2024-10-11,African Cup of Nations qualification,Angola,Niger,2.0,0.0
2024-10-11,African Cup of Nations qualification,Zambia,Chad,0.0,0.0
2024-10-11,African Cup of Nations qualification,Ivory Coast,Sierra Leone,4.0,1.0
2024-10-11,African Cup of Nations qualification,Mozambique,Eswatini,1.0,1.0
2024-10-11,African Cup of Nations qualification,Mali,Guinea-Bissau,1.0,0.0
2024-10-11,African Cup of Nations qualification,Cameroon,Kenya,4.0,1.0
2024-10-11,African Cup of Nations qualification,Uganda,South Sudan,1.0,0.0
2024-10-11,African Cup of Nations qualification,South Africa,Congo,5.0,0.0
2024-10-11,African Cup of Nations qualification,Senegal,Malawi,4.0,0.0
2024-10-11,CONCACAF Nations League,Guadeloupe,Martinique,0.0,1.0
2024-10-11,CONCACAF Nations League,Suriname,Costa Rica,1.0,1.0
2024-10-11,CONCACAF Nations League,Guyana,Guatemala,1.0,3.0
2024-10-11,CONCACAF Nations League,Grenada,Curaçao,0.0,0.0
2024-10-11,CONCACAF Nations League,Saint Lucia,Saint Martin,2.0,1.0
2024-10-11,CONCACAF Nations League,Sint Maarten,Puerto Rico,3.0,2.0
2024-10-11,CONCACAF Nations League,Aruba,Haiti,1.0,3.0
2024-10-11,UEFA Nations League,Bosnia and Herzegovina,Germany,1.0,2.0
2024-10-11,UEFA Nations League,Hungary,Netherlands,1.0,1.0
2024-10-11,UEFA Nations League,Czech Republic,Albania,2.0,0.0
2024-10-11,UEFA Nations League,Ukraine,Georgia,1.0,0.0
2024-10-11,UEFA Nations League,Iceland,Wales,2.0,2.0
2024-10-11,UEFA Nations League,Turkey,Montenegro,1.0,0.0
2024-10-11,UEFA Nations League,Estonia,Azerbaijan,3.0,1.0
2024-10-11,UEFA Nations League,Slovakia,Sweden,2.0,2.0
2024-10-11,FIFA World Cup qualification,Peru,Uruguay,1.0,0.0
2024-10-11,FIFA World Cup qualification,New Zealand,Tahiti,3.0,0.0
2024-10-11,King's Cup,Syria,Tajikistan,1.0,0.0
2024-10-11,King's Cup,Thailand,Philippines,3.0,1.0
2024-10-12,Friendly,United States,Panama,2.0,0.0
2024-10-12,Friendly,Vietnam,India,1.0,1.0
2024-10-12,African Cup of Nations qualification,Morocco,Central African Republic,5.0,0.0
2024-10-12,African Cup of Nations qualification,Guinea,Ethiopia,4.0,1.0
2024-10-12,CONCACAF Nations League,Antigua and Barbuda,Dominican Republic,0.0,5.0
2024-10-12,CONCACAF Nations League,Bermuda,Dominica,6.0,1.0
2024-10-12,CONCACAF Nations League,Bahamas,United States Virgin Islands,3.0,1.0
2024-10-12,CONCACAF Nations League,Turks and Caicos Islands,Anguilla,2.0,1.0
2024-10-12,CONCACAF Nations League,Cayman Islands,British Virgin Islands,1.0,0.0
2024-10-12,UEFA Nations League,Croatia,Scotland,2.0,1.0
2024-10-12,UEFA Nations League,Poland,Portugal,1.0,3.0
2024-10-12,UEFA Nations League,Serbia,Switzerland,2.0,0.0
2024-10-12,UEFA Nations League,Spain,Denmark,1.0,0.0
2024-10-12,UEFA Nations League,Lithuania,Kosovo,1.0,2.0
2024-10-12,UEFA Nations League,Cyprus,Romania,0.0,3.0
2024-10-12,UEFA Nations League,Bulgaria,Luxembourg,0.0,0.0
2024-10-12,UEFA Nations League,Belarus,Northern Ireland,0.0,0.0
2024-10-12,FIFA World Cup qualification,Vanuatu,Samoa,4.0,1.0
2024-10-13,Friendly,Andorra,San Marino,2.0,0.0
2024-10-13,Friendly,Myanmar,Sri Lanka,0.0,0.0
2024-10-13,African Cup of Nations qualification,Burundi,Burkina Faso,0.0,2.0
2024-10-13,CONCACAF Nations League,Montserrat,Bonaire,0.0,1.0
2024-10-13,CONCACAF Nations League,Saint Vincent and the Grenadines,El Salvador,2.0,1.0
2024-10-13,UEFA Nations League,Finland,England,1.0,3.0
2024-10-13,UEFA Nations League,Greece,Republic of Ireland,2.0,0.0
2024-10-13,UEFA Nations League,Kazakhstan,Slovenia,0.0,1.0
2024-10-13,UEFA Nations League,Austria,Norway,5.0,1.0
2024-10-13,UEFA Nations League,Faroe Islands,Latvia,1.0,1.0
2024-10-13,UEFA Nations League,Armenia,North Macedonia,0.0,2.0
2024-10-13,UEFA Nations League,Liechtenstein,Gibraltar,0.0,0.0
2024-10-13,UEFA Nations League,Malta,Moldova,1.0,0.0
2024-10-14,Friendly,New Zealand,Malaysia,4.0,0.0
2024-10-14,African Cup of Nations qualification,Gambia,Madagascar,1.0,0.0
2024-10-14,African Cup of Nations qualification,Liberia,Equatorial Guinea,1.0,2.0
2024-10-14,African Cup of Nations qualification,Togo,Algeria,0.0,1.0
2024-10-14,African Cup of Nations qualification,Eswatini,Mozambique,0.0,3.0
2024-10-14,African Cup of Nations qualification,Kenya,Cameroon,0.0,1.0
2024-10-14,African Cup of Nations qualification,Zimbabwe,Namibia,3.0,1.0
2024-10-14,CONCACAF Nations League,Nicaragua,French Guiana,3.0,2.0
2024-10-14,CONCACAF Nations League,Jamaica,Honduras,0.0,0.0
2024-10-14,CONCACAF Nations League,Trinidad and Tobago,Cuba,3.0,1.0
2024-10-14,CONCACAF Nations League,Curaçao,Grenada,1.0,0.0
2024-10-14,CONCACAF Nations League,Saint Lucia,Saint Martin,0.0,4.0
2024-10-14,CONCACAF Nations League,Puerto Rico,Sint Maarten,2.0,1.0
2024-10-14,CONCACAF Nations League,Aruba,Haiti,3.0,5.0
2024-10-14,UEFA Nations League,Belgium,France,1.0,2.0
2024-10-14,UEFA Nations League,Italy,Israel,4.0,1.0
2024-10-14,UEFA Nations League,Bosnia and Herzegovina,Hungary,0.0,2.0
2024-10-14,UEFA Nations League,Germany,Netherlands,1.0,0.0
2024-10-14,UEFA Nations League,Georgia,Albania,0.0,1.0
2024-10-14,UEFA Nations League,Ukraine,Czech Republic,1.0,1.0
2024-10-14,UEFA Nations League,Iceland,Turkey,2.0,4.0
2024-10-14,UEFA Nations League,Wales,Montenegro,1.0,0.0
2024-10-14,UEFA Nations League,Azerbaijan,Slovakia,1.0,3.0
2024-10-14,UEFA Nations League,Estonia,Sweden,0.0,3.0
2024-10-14,King's Cup,Tajikistan,Philippines,0.0,3.0
2024-10-14,King's Cup,Thailand,Syria,2.0,1.0
2024-10-15,Friendly,Canada,Panama,2.0,1.0
2024-10-15,Friendly,Hong Kong,Cambodia,3.0,0.0
2024-10-15,Friendly,Mexico,United States,2.0,0.0
2024-10-15,African Cup of Nations qualification,Comoros,Tunisia,1.0,1.0
2024-10-15,African Cup of Nations qualification,Lesotho,Gabon,0.0,2.0
2024-10-15,African Cup of Nations qualification,Morocco,Central African Republic,4.0,0.0
2024-10-15,African Cup of Nations qualification,Mauritania,Egypt,0.0,1.0
2024-10-15,African Cup of Nations qualification,Botswana,Cape Verde,1.0,0.0
2024-10-15,African Cup of Nations qualification,Rwanda,Benin,2.0,1.0
2024-10-15,African Cup of Nations qualification,Sudan,Ghana,2.0,0.0
2024-10-15,African Cup of Nations qualification,Niger,Angola,0.0,1.0
2024-10-15,African Cup of Nations qualification,Chad,Zambia,0.0,1.0
2024-10-15,African Cup of Nations qualification,Sierra Leone,Ivory Coast,1.0,0.0
2024-10-15,African Cup of Nations qualification,Tanzania,DR Congo,0.0,2.0
2024-10-15,African Cup of Nations qualification,Ethiopia,Guinea,0.0,3.0
2024-10-15,African Cup of Nations qualification,Guinea-Bissau,Mali,0.0,0.0
2024-10-15,African Cup of Nations qualification,South Sudan,Uganda,1.0,2.0
2024-10-15,African Cup of Nations qualification,Congo,South Africa,1.0,1.0
2024-10-15,African Cup of Nations qualification,Malawi,Senegal,0.0,1.0
2024-10-15,CONCACAF Nations League,Costa Rica,Guatemala,3.0,0.0
2024-10-15,CONCACAF Nations League,Guadeloupe,Martinique,0.0,0.0
2024-10-15,CONCACAF Nations League,Suriname,Guyana,5.0,1.0
2024-10-15,CONCACAF Nations League,Dominican Republic,Antigua and Barbuda,5.0,0.0
2024-10-15,CONCACAF Nations League,Bermuda,Dominica,3.0,2.0
2024-10-15,CONCACAF Nations League,Barbados,Bahamas,6.0,2.0
2024-10-15,CONCACAF Nations League,Belize,Turks and Caicos Islands,3.0,0.0
2024-10-15,CONCACAF Nations League,Saint Kitts and Nevis,Cayman Islands,1.0,1.0
2024-10-15,UEFA Nations League,Scotland,Portugal,0.0,0.0
2024-10-15,UEFA Nations League,Poland,Croatia,3.0,3.0
2024-10-15,UEFA Nations League,Spain,Serbia,3.0,0.0
2024-10-15,UEFA Nations League,Switzerland,Denmark,2.0,2.0
2024-10-15,UEFA Nations League,Kosovo,Cyprus,3.0,0.0
2024-10-15,UEFA Nations League,Lithuania,Romania,1.0,2.0
2024-10-15,UEFA Nations League,Northern Ireland,Bulgaria,5.0,0.0
2024-10-15,UEFA Nations League,Belarus,Luxembourg,1.0,1.0
2024-10-15,FIFA World Cup qualification,Colombia,Chile,4.0,0.0
2024-10-15,FIFA World Cup qualification,Paraguay,Venezuela,2.0,1.0
2024-10-15,FIFA World Cup qualification,Uruguay,Ecuador,0.0,0.0
2024-10-15,FIFA World Cup qualification,Argentina,Bolivia,6.0,0.0
2024-10-15,FIFA World Cup qualification,Brazil,Peru,4.0,0.0
2024-10-15,FIFA World Cup qualification,Uzbekistan,United Arab Emirates,1.0,0.0
2024-10-15,FIFA World Cup qualification,Iran,Qatar,4.0,1.0
2024-10-15,FIFA World Cup qualification,Kyrgyzstan,North Korea,1.0,0.0
2024-10-15,FIFA World Cup qualification,Jordan,Oman,4.0,0.0
2024-10-15,FIFA World Cup qualification,Palestine,Kuwait,2.0,2.0
2024-10-15,FIFA World Cup qualification,South Korea,Iraq,3.0,2.0
2024-10-15,FIFA World Cup qualification,Japan,Australia,1.0,1.0
2024-10-15,FIFA World Cup qualification,China,Indonesia,2.0,1.0
2024-10-15,FIFA World Cup qualification,Saudi Arabia,Bahrain,0.0,0.0
2024-10-15,ASEAN Championship qualification,Timor-Leste,Brunei,0.0,0.0
2024-11-13,Friendly,Bangladesh,Maldives,0.0,1.0
2024-11-13,Friendly,Tajikistan,Nepal,4.0,0.0
2024-11-13,African Cup of Nations qualification,Liberia,Togo,1.0,0.0
2024-11-13,African Cup of Nations qualification,Chad,Sierra Leone,1.0,1.0
2024-11-13,African Cup of Nations qualification,Namibia,Cameroon,0.0,0.0
2024-11-14,UEFA Nations League,Belgium,Italy,0.0,1.0
2024-11-14,UEFA Nations League,France,Israel,0.0,0.0
2024-11-14,UEFA Nations League,Republic of Ireland,Finland,1.0,0.0
2024-11-14,UEFA Nations League,Greece,England,0.0,3.0
2024-11-14,UEFA Nations League,Kazakhstan,Austria,0.0,2.0
2024-11-14,UEFA Nations League,Slovenia,Norway,1.0,4.0
2024-11-14,UEFA Nations League,North Macedonia,Latvia,1.0,0.0
2024-11-14,UEFA Nations League,Armenia,Faroe Islands,0.0,1.0
2024-11-14,CONCACAF Nations League,Montserrat,Saint Vincent and the Grenadines,1.0,2.0
2024-11-14,CONCACAF Nations League,El Salvador,Bonaire,1.0,0.0
2024-11-14,CONCACAF Nations League,Belize,French Guiana,2.0,1.0
2024-11-14,CONCACAF Nations League,Saint Kitts and Nevis,Cuba,2.0,1.0
2024-11-14,CONCACAF Nations League,Costa Rica,Panama,0.0,1.0
2024-11-14,CONCACAF Nations League,Jamaica,United States,0.0,1.0
2024-11-14,Friendly,Hong Kong,Philippines,3.0,1.0
2024-11-14,Friendly,Malaysia,Laos,3.0,1.0
2024-11-14,Friendly,Malta,Liechtenstein,2.0,0.0
2024-11-14,Friendly,Singapore,Myanmar,3.0,2.0
2024-11-14,Friendly,Thailand,Lebanon,0.0,0.0
2024-11-14,FIFA World Cup qualification,Venezuela,Brazil,1.0,1.0
2024-11-14,FIFA World Cup qualification,Ecuador,Bolivia,4.0,0.0
2024-11-14,FIFA World Cup qualification,Paraguay,Argentina,2.0,1.0
2024-11-14,FIFA World Cup qualification,Solomon Islands,New Caledonia,2.0,3.0
2024-11-14,FIFA World Cup qualification,Papua New Guinea,Fiji,3.0,3.0
2024-11-14,FIFA World Cup qualification,North Korea,Iran,2.0,3.0
2024-11-14,FIFA World Cup qualification,Qatar,Uzbekistan,3.0,2.0
2024-11-14,FIFA World Cup qualification,United Arab Emirates,Kyrgyzstan,3.0,0.0
2024-11-14,FIFA World Cup qualification,Kuwait,South Korea,1.0,3.0
2024-11-14,FIFA World Cup qualification,Iraq,Jordan,0.0,0.0
2024-11-14,FIFA World Cup qualification,Oman,Palestine,1.0,0.0
2024-11-14,FIFA World Cup qualification,Bahrain,China,0.0,1.0
2024-11-14,FIFA World Cup qualification,Australia,Saudi Arabia,0.0,0.0
2024-11-14,African Cup of Nations qualification,Madagascar,Tunisia,2.0,3.0
2024-11-14,African Cup of Nations qualification,Lesotho,Central African Republic,1.0,0.0
2024-11-14,African Cup of Nations qualification,Rwanda,Libya,0.0,1.0
2024-11-14,African Cup of Nations qualification,Benin,Nigeria,1.0,1.0
2024-11-14,African Cup of Nations qualification,Equatorial Guinea,Algeria,0.0,0.0
2024-11-14,African Cup of Nations qualification,Niger,Sudan,4.0,0.0
2024-11-14,African Cup of Nations qualification,South Sudan,Congo,3.0,2.0
2024-11-14,African Cup of Nations qualification,Burundi,Malawi,0.0,0.0
2024-11-14,African Cup of Nations qualification,Burkina Faso,Senegal,0.0,1.0
2024-11-15,UEFA Nations League,Portugal,Poland,5.0,1.0
2024-11-15,UEFA Nations League,Scotland,Croatia,1.0,0.0
2024-11-15,UEFA Nations League,Denmark,Spain,1.0,2.0
2024-11-15,UEFA Nations League,Switzerland,Serbia,1.0,1.0
2024-11-15,UEFA Nations League,Cyprus,Lithuania,2.0,1.0
2024-11-15,UEFA Nations League,Romania,Kosovo,0.0,0.0
2024-11-15,UEFA Nations League,Northern Ireland,Belarus,2.0,0.0
2024-11-15,UEFA Nations League,Luxembourg,Bulgaria,0.0,1.0
2024-11-15,UEFA Nations League,San Marino,Gibraltar,1.0,1.0
2024-11-15,CONCACAF Nations League,Saint Lucia,Grenada,0.0,4.0
2024-11-15,CONCACAF Nations League,Curaçao,Saint Martin,5.0,0.0
2024-11-15,CONCACAF Nations League,Puerto Rico,Aruba,5.0,1.0
2024-11-15,CONCACAF Nations League,Sint Maarten,Haiti,0.0,8.0
2024-11-15,CONCACAF Nations League,Barbados,Guyana,1.0,4.0
2024-11-15,CONCACAF Nations League,Cayman Islands,Guadeloupe,0.0,6.0
2024-11-15,CONCACAF Nations League,Honduras,Mexico,2.0,0.0
2024-11-15,CONCACAF Nations League,Suriname,Canada,0.0,1.0
2024-11-15,FIFA World Cup qualification,Peru,Chile,0.0,0.0
2024-11-15,FIFA World Cup qualification,Uruguay,Colombia,3.0,2.0
2024-11-15,FIFA World Cup qualification,Samoa,Tahiti,0.0,3.0
2024-11-15,FIFA World Cup qualification,New Zealand,Vanuatu,8.0,1.0
2024-11-15,FIFA World Cup qualification,Indonesia,Japan,0.0,4.0
2024-11-15,Friendly,Russia,Brunei,2.0,1.0
2024-11-15,African Cup of Nations qualification,Gambia,Comoros,1.0,2.0
2024-11-15,African Cup of Nations qualification,Gabon,Morocco,1.0,5.0
2024-11-15,African Cup of Nations qualification,Botswana,Mauritania,1.0,1.0
2024-11-15,African Cup of Nations qualification,Cape Verde,Egypt,1.0,1.0
2024-11-15,African Cup of Nations qualification,Angola,Ghana,1.0,1.0
2024-11-15,African Cup of Nations qualification,Zambia,Ivory Coast,1.0,0.0
2024-11-15,African Cup of Nations qualification,Eswatini,Guinea-Bissau,1.0,1.0
2024-11-15,African Cup of Nations qualification,Mozambique,Mali,0.0,1.0
2024-11-15,African Cup of Nations qualification,Zimbabwe,Kenya,1.0,1.0
2024-11-15,African Cup of Nations qualification,Uganda,South Africa,0.0,2.0
2024-11-16,UEFA Nations League,Germany,Bosnia and Herzegovina,7.0,0.0
2024-11-16,UEFA Nations League,Netherlands,Hungary,4.0,0.0
2024-11-16,UEFA Nations League,Albania,Czech Republic,0.0,0.0
2024-11-16,UEFA Nations League,Georgia,Ukraine,1.0,1.0
2024-11-16,UEFA Nations League,Montenegro,Iceland,0.0,2.0
2024-11-16,UEFA Nations League,Turkey,Wales,0.0,0.0
2024-11-16,UEFA Nations League,Azerbaijan,Estonia,0.0,0.0
2024-11-16,UEFA Nations League,Sweden,Slovakia,2.0,1.0
2024-11-16,UEFA Nations League,Andorra,Moldova,0.0,1.0
2024-11-16,CONCACAF Nations League,Bermuda,Antigua and Barbuda,2.0,1.0
2024-11-16,CONCACAF Nations League,Dominican Republic,Dominica,6.0,1.0
2024-11-16,Friendly,Bangladesh,Maldives,2.0,1.0
2024-11-16,Friendly,Nepal,Afghanistan,2.0,0.0
2024-11-16,Friendly,Sri Lanka,Yemen,1.0,0.0
2024-11-16,African Cup of Nations qualification,Ethiopia,Tanzania,0.0,2.0
2024-11-16,African Cup of Nations qualification,Guinea,DR Congo,1.0,0.0
2024-11-17,UEFA Nations League,Israel,Belgium,1.0,0.0
2024-11-17,UEFA Nations League,Italy,France,1.0,3.0
2024-11-17,UEFA Nations League,England,Republic of Ireland,5.0,0.0
2024-11-17,UEFA Nations League,Finland,Greece,0.0,2.0
2024-11-17,UEFA Nations League,Norway,Kazakhstan,5.0,0.0
2024-11-17,UEFA Nations League,Austria,Slovenia,1.0,1.0
2024-11-17,UEFA Nations League,North Macedonia,Faroe Islands,1.0,0.0
2024-11-17,UEFA Nations League,Latvia,Armenia,1.0,2.0
2024-11-17,CONCACAF Nations League,Saint Vincent and the Grenadines,Bonaire,3.0,1.0
2024-11-17,CONCACAF Nations League,El Salvador,Montserrat,1.0,0.0
2024-11-17,Friendly,Thailand,Laos,1.0,1.0
2024-11-17,FIFA World Cup qualification,Fiji,New Caledonia,1.0,1.0
2024-11-17,FIFA World Cup qualification,Papua New Guinea,Solomon Islands,1.0,2.0
2024-11-17,African Cup of Nations qualification,Algeria,Liberia,5.0,1.0
2024-11-17,African Cup of Nations qualification,Togo,Equatorial Guinea,3.0,0.0
2024-11-18,UEFA Nations League,Croatia,Portugal,1.0,1.0
2024-11-18,UEFA Nations League,Poland,Scotland,1.0,2.0
2024-11-18,UEFA Nations League,Serbia,Denmark,0.0,0.0
2024-11-18,UEFA Nations League,Spain,Switzerland,3.0,2.0
2024-11-18,UEFA Nations League,Kosovo,Lithuania,1.0,0.0
2024-11-18,UEFA Nations League,Romania,Cyprus,4.0,1.0
2024-11-18,UEFA Nations League,Luxembourg,Northern Ireland,2.0,2.0
2024-11-18,UEFA Nations League,Bulgaria,Belarus,1.0,1.0
2024-11-18,UEFA Nations League,Liechtenstein,San Marino,1.0,3.0
2024-11-18,CONCACAF Nations League,Grenada,Saint Martin,0.0,3.0
2024-11-18,CONCACAF Nations League,Saint Lucia,Curaçao,1.0,4.0
2024-11-18,CONCACAF Nations League,Aruba,Sint Maarten,0.0,1.0
2024-11-18,CONCACAF Nations League,Puerto Rico,Haiti,0.0,3.0
2024-11-18,CONCACAF Nations League,Cuba,Saint Kitts and Nevis,4.0,0.0
2024-11-18,CONCACAF Nations League,Panama,Costa Rica,2.0,2.0
2024-11-18,CONCACAF Nations League,United States,Jamaica,4.0,2.0
2024-11-18,Friendly,India,Malaysia,1.0,1.0
2024-11-18,Friendly,Singapore,Taiwan,2.0,3.0
2024-11-18,FIFA World Cup qualification,Tahiti,Vanuatu,2.0,0.0
2024-11-18,FIFA World Cup qualification,New Zealand,Samoa,8.0,0.0
2024-11-18,African Cup of Nations qualification,Tunisia,Gambia,0.0,1.0
2024-11-18,African Cup of Nations qualification,Comoros,Madagascar,1.0,0.0
2024-11-18,African Cup of Nations qualification,Morocco,Lesotho,7.0,0.0
2024-11-18,African Cup of Nations qualification,Central African Republic,Gabon,0.0,1.0
2024-11-18,African Cup of Nations qualification,Nigeria,Rwanda,1.0,2.0
2024-11-18,African Cup of Nations qualification,Libya,Benin,0.0,0.0
2024-11-18,African Cup of Nations qualification,Ghana,Niger,1.0,2.0
2024-11-18,African Cup of Nations qualification,Sudan,Angola,0.0,0.0
2024-11-18,African Cup of Nations qualification,Malawi,Burkina Faso,3.0,0.0
2024-11-19,UEFA Nations League,Bosnia and Herzegovina,Netherlands,1.0,1.0
2024-11-19,UEFA Nations League,Hungary,Germany,1.0,1.0
2024-11-19,UEFA Nations League,Albania,Ukraine,1.0,2.0
2024-11-19,UEFA Nations League,Czech Republic,Georgia,2.0,1.0
2024-11-19,UEFA Nations League,Wales,Iceland,4.0,1.0
2024-11-19,UEFA Nations League,Montenegro,Turkey,3.0,1.0
2024-11-19,UEFA Nations League,Slovakia,Estonia,1.0,0.0
2024-11-19,UEFA Nations League,Sweden,Azerbaijan,6.0,0.0
2024-11-19,UEFA Nations League,Malta,Andorra,0.0,0.0
2024-11-19,CONCACAF Nations League,Antigua and Barbuda,Dominica,0.0,0.0
2024-11-19,CONCACAF Nations League,Dominican Republic,Bermuda,6.0,1.0
2024-11-19,CONCACAF Nations League,French Guiana,Belize,2.0,2.0
2024-11-19,CONCACAF Nations League,Guadeloupe,Cayman Islands,1.0,0.0
2024-11-19,CONCACAF Nations League,Guyana,Barbados,5.0,3.0
2024-11-19,CONCACAF Nations League,Canada,Suriname,3.0,0.0
2024-11-19,CONCACAF Nations League,Mexico,Honduras,4.0,0.0
2024-11-19,Friendly,Gibraltar,Moldova,1.0,1.0
2024-11-19,Friendly,Hong Kong,Mauritius,1.0,0.0
2024-11-19,Friendly,Myanmar,Lebanon,2.0,3.0
2024-11-19,Friendly,Russia,Syria,4.0,0.0
2024-11-19,Friendly,Sri Lanka,Yemen,0.0,2.0
2024-11-19,Friendly,Tajikistan,Afghanistan,3.0,1.0
2024-11-19,FIFA World Cup qualification,Bolivia,Paraguay,2.0,2.0
2024-11-19,FIFA World Cup qualification,Colombia,Ecuador,0.0,1.0
2024-11-19,FIFA World Cup qualification,Argentina,Peru,1.0,0.0
2024-11-19,FIFA World Cup qualification,Chile,Venezuela,4.0,2.0
2024-11-19,FIFA World Cup qualification,Brazil,Uruguay,1.0,1.0
2024-11-19,FIFA World Cup qualification,North Korea,Uzbekistan,0.0,1.0
2024-11-19,FIFA World Cup qualification,Kyrgyzstan,Iran,2.0,3.0
2024-11-19,FIFA World Cup qualification,United Arab Emirates,Qatar,5.0,0.0
2024-11-19,FIFA World Cup qualification,Palestine,South Korea,1.0,1.0
2024-11-19,FIFA World Cup qualification,Oman,Iraq,0.0,1.0
2024-11-19,FIFA World Cup qualification,Kuwait,Jordan,1.0,1.0
2024-11-19,FIFA World Cup qualification,Bahrain,Australia,2.0,2.0
2024-11-19,FIFA World Cup qualification,Indonesia,Saudi Arabia,2.0,0.0
2024-11-19,FIFA World Cup qualification,China,Japan,1.0,3.0
2024-11-19,African Cup of Nations qualification,Egypt,Botswana,1.0,1.0
2024-11-19,African Cup of Nations qualification,Mauritania,Cape Verde,1.0,0.0
2024-11-19,African Cup of Nations qualification,Ivory Coast,Chad,4.0,0.0
2024-11-19,African Cup of Nations qualification,Sierra Leone,Zambia,0.0,2.0
2024-11-19,African Cup of Nations qualification,DR Congo,Ethiopia,1.0,2.0
2024-11-19,African Cup of Nations qualification,Tanzania,Guinea,1.0,0.0
2024-11-19,African Cup of Nations qualification,Mali,Eswatini,6.0,0.0
2024-11-19,African Cup of Nations qualification,Guinea-Bissau,Mozambique,1.0,2.0
2024-11-19,African Cup of Nations qualification,Cameroon,Zimbabwe,2.0,1.0
2024-11-19,African Cup of Nations qualification,Kenya,Namibia,0.0,0.0
2024-11-19,African Cup of Nations qualification,South Africa,South Sudan,3.0,0.0
2024-11-19,African Cup of Nations qualification,Congo,Uganda,0.0,1.0
2024-11-19,African Cup of Nations qualification,Senegal,Burundi,2.0,0.0
2024-12-08,ASEAN Championship,Cambodia,Malaysia,2.0,2.0
2024-12-08,ASEAN Championship,Timor-Leste,Thailand,0.0,10.0
2024-12-08,EAFF Championship qualification,Hong Kong,Mongolia,3.0,0.0
2024-12-09,ASEAN Championship,Myanmar,Indonesia,0.0,1.0
2024-12-09,ASEAN Championship,Laos,Vietnam,1.0,4.0
2024-12-09,MSG Prime Minister's Cup,Solomon Islands,Vanuatu,4.0,1.0
2024-12-11,ASEAN Championship,Singapore,Cambodia,2.0,1.0
2024-12-11,ASEAN Championship,Malaysia,Timor-Leste,3.0,2.0
2024-12-11,EAFF Championship qualification,Taiwan,Mongolia,4.0,0.0
2024-12-12,ASEAN Championship,Philippines,Myanmar,1.0,1.0
2024-12-12,ASEAN Championship,Indonesia,Laos,3.0,3.0
2024-12-12,MSG Prime Minister's Cup,Fiji,Vanuatu,1.0,1.0
2024-12-14,ASEAN Championship,Timor-Leste,Singapore,0.0,3.0
2024-12-14,ASEAN Championship,Thailand,Malaysia,1.0,0.0
2024-12-14,EAFF Championship qualification,Macau,Guam,1.0,2.0
2024-12-14,EAFF Championship qualification,Hong Kong,Taiwan,2.0,1.0
2024-12-15,ASEAN Championship,Laos,Philippines,1.0,1.0
2024-12-15,ASEAN Championship,Vietnam,Indonesia,1.0,0.0
2024-12-15,MSG Prime Minister's Cup,Papua New Guinea,Fiji,1.0,1.0
2024-12-17,ASEAN Championship,Cambodia,Timor-Leste,2.0,1.0
2024-12-17,ASEAN Championship,Singapore,Thailand,2.0,4.0
2024-12-17,EAFF Championship qualification,Hong Kong,Guam,5.0,0.0
2024-12-18,ASEAN Championship,Myanmar,Laos,3.0,2.0
2024-12-18,ASEAN Championship,Philippines,Vietnam,1.0,1.0
2024-12-18,MSG Prime Minister's Cup,Solomon Islands,Papua New Guinea,2.0,3.0
2024-12-20,ASEAN Championship,Thailand,Cambodia,3.0,2.0
2024-12-20,ASEAN Championship,Malaysia,Singapore,0.0,0.0
2024-12-21,ASEAN Championship,Vietnam,Myanmar,5.0,0.0
2024-12-21,ASEAN Championship,Indonesia,Philippines,0.0,1.0
2024-12-21,Gulf Cup,Kuwait,Oman,1.0,1.0
2024-12-21,Gulf Cup,Qatar,United Arab Emirates,1.0,1.0
2024-12-21,MSG Prime Minister's Cup,Vanuatu,Papua New Guinea,1.0,2.0
2024-12-21,MSG Prime Minister's Cup,Solomon Islands,Fiji,1.0,3.0
2024-12-22,Gulf Cup,Iraq,Yemen,1.0,0.0
2024-12-22,Gulf Cup,Saudi Arabia,Bahrain,2.0,3.0
2024-12-24,Gulf Cup,Oman,Qatar,2.0,1.0
2024-12-24,Gulf Cup,Kuwait,United Arab Emirates,2.0,1.0
2024-12-25,Gulf Cup,Yemen,Saudi Arabia,2.0,3.0
2024-12-25,Gulf Cup,Bahrain,Iraq,2.0,0.0
2024-12-26,ASEAN Championship,Singapore,Vietnam,0.0,2.0
2024-12-27,ASEAN Championship,Philippines,Thailand,2.0,1.0
2024-12-27,Gulf Cup,Kuwait,Qatar,1.0,1.0
2024-12-27,Gulf Cup,United Arab Emirates,Oman,1.0,1.0
2024-12-28,Gulf Cup,Iraq,Saudi Arabia,1.0,3.0
2024-12-28,Gulf Cup,Bahrain,Yemen,1.0,2.0
2024-12-29,ASEAN Championship,Vietnam,Singapore,3.0,1.0
2024-12-30,ASEAN Championship,Thailand,Philippines,3.0,1.0
2024-12-31,Gulf Cup,Oman,Saudi Arabia,2.0,1.0
2024-12-31,Gulf Cup,Kuwait,Bahrain,0.0,1.0
2025-01-02,ASEAN Championship,Vietnam,Thailand,2.0,1.0
2025-01-03,Mapinduzi Cup,Zanzibar,Tanzania,1.0,0.0
2025-01-04,Gulf Cup,Oman,Bahrain,1.0,2.0
2025-01-04,Mapinduzi Cup,Burkina Faso,Kenya,1.0,1.0
2025-01-05,ASEAN Championship,Thailand,Vietnam,2.0,3.0
2025-01-06,Mapinduzi Cup,Zanzibar,Burkina Faso,0.0,1.0
2025-01-07,Mapinduzi Cup,Tanzania,Kenya,0.0,2.0
2025-01-09,Mapinduzi Cup,Tanzania,Burkina Faso,0.0,2.0
2025-01-10,Mapinduzi Cup,Zanzibar,Kenya,1.0,0.0
2025-01-13,Mapinduzi Cup,Zanzibar,Burkina Faso,2.0,1.0
2025-01-18,Friendly,United States,Venezuela,3.0,1.0
2025-01-22,Friendly,United States,Costa Rica,3.0,0.0
2025-01-22,Friendly,Uzbekistan,Jordan,0.0,0.0
2025-02-07,Friendly,Jamaica,Trinidad and Tobago,1.0,0.0
2025-02-08,Friendly,Chile,Panama,6.0,1.0
2025-02-10,Friendly,Jamaica,Trinidad and Tobago,1.0,1.0
2025-02-13,Friendly,Oman,Sudan,0.0,0.0
2025-03-09,Friendly,Saint Vincent and the Grenadines,Grenada,1.0,1.0
2025-03-13,Friendly,Oman,Sudan,0.0,0.0
2025-03-14,Friendly,Jordan,North Korea,1.0,1.0
2025-03-16,Friendly,Honduras,Guatemala,1.0,2.0
2025-03-19,Friendly,Hong Kong,Macau,2.0,0.0
2025-03-19,Friendly,India,Maldives,3.0,0.0
2025-03-19,Friendly,Vietnam,Cambodia,2.0,1.0
2025-03-19,FIFA World Cup qualification,Eswatini,Cameroon,0.0,0.0
2025-03-19,FIFA World Cup qualification,Liberia,Tunisia,0.0,1.0
2025-03-19,FIFA World Cup qualification,Central African Republic,Madagascar,1.0,4.0
2025-03-19,Friendly,Kazakhstan,Curaçao,2.0,0.0
2025-03-19,Friendly,Russia,Grenada,5.0,0.0
2025-03-20,CONCACAF Nations League,Canada,Mexico,0.0,2.0
2025-03-20,CONCACAF Nations League,United States,Panama,0.0,1.0
2025-03-20,UEFA Nations League,Croatia,France,2.0,0.0
2025-03-20,UEFA Nations League,Denmark,Portugal,1.0,0.0
2025-03-20,UEFA Nations League,Italy,Germany,1.0,2.0
2025-03-20,UEFA Nations League,Netherlands,Spain,2.0,2.0
2025-03-20,UEFA Nations League,Austria,Serbia,1.0,1.0
2025-03-20,UEFA Nations League,Greece,Scotland,0.0,1.0
2025-03-20,UEFA Nations League,Turkey,Hungary,3.0,1.0
2025-03-20,UEFA Nations League,Ukraine,Belgium,3.0,1.0
2025-03-20,UEFA Nations League,Armenia,Georgia,0.0,3.0
2025-03-20,UEFA Nations League,Bulgaria,Republic of Ireland,1.0,2.0
2025-03-20,UEFA Nations League,Kosovo,Iceland,2.0,1.0
2025-03-20,UEFA Nations League,Slovakia,Slovenia,0.0,0.0
2025-03-20,Friendly,Laos,Sri Lanka,1.0,2.0
2025-03-20,Friendly,Tajikistan,Belarus,0.0,5.0
2025-03-20,FIFA World Cup qualification,Paraguay,Chile,1.0,0.0
2025-03-20,FIFA World Cup qualification,Peru,Bolivia,3.0,1.0
2025-03-20,FIFA World Cup qualification,Brazil,Colombia,2.0,1.0
2025-03-20,FIFA World Cup qualification,Iran,United Arab Emirates,2.0,0.0
2025-03-20,FIFA World Cup qualification,Uzbekistan,Kyrgyzstan,1.0,0.0
2025-03-20,FIFA World Cup qualification,Qatar,North Korea,5.0,1.0
2025-03-20,FIFA World Cup qualification,South Korea,Oman,1.0,1.0
2025-03-20,FIFA World Cup qualification,Iraq,Kuwait,2.0,2.0
2025-03-20,FIFA World Cup qualification,Jordan,Palestine,3.0,1.0
2025-03-20,FIFA World Cup qualification,Japan,Bahrain,2.0,0.0
2025-03-20,FIFA World Cup qualification,Australia,Indonesia,5.0,1.0
2025-03-20,FIFA World Cup qualification,Saudi Arabia,China,1.0,0.0
2025-03-20,FIFA World Cup qualification,Sierra Leone,Guinea-Bissau,3.0,1.0
2025-03-20,FIFA World Cup qualification,Zimbabwe,Benin,2.0,2.0
2025-03-20,FIFA World Cup qualification,Cape Verde,Mauritius,1.0,0.0
2025-03-20,FIFA World Cup qualification,Libya,Angola,1.0,1.0
2025-03-20,FIFA World Cup qualification,Gambia,Kenya,3.0,3.0
2025-03-20,FIFA World Cup qualification,Gabon,Seychelles,3.0,0.0
2025-03-20,FIFA World Cup qualification,Mozambique,Uganda,3.0,1.0
2025-03-20,FIFA World Cup qualification,Malawi,Namibia,0.0,1.0
2025-03-20,FIFA World Cup qualification,Comoros,Mali,0.0,3.0
2025-03-20,Friendly,Lebanon,Timor-Leste,4.0,0.0
2025-03-21,Gold Cup qualification,Belize,Costa Rica,0.0,7.0
2025-03-21,Gold Cup qualification,Guyana,Guatemala,3.0,2.0
2025-03-21,Gold Cup qualification,Bermuda,Honduras,3.0,5.0
2025-03-21,Gold Cup qualification,Saint Vincent and the Grenadines,Jamaica,1.0,1.0
2025-03-21,Gold Cup qualification,Suriname,Martinique,1.0,0.0
2025-03-21,Gold Cup qualification,Guadeloupe,Nicaragua,1.0,0.0
2025-03-21,Gold Cup qualification,Cuba,Trinidad and Tobago,1.0,2.0
2025-03-21,Friendly,Northern Ireland,Switzerland,1.0,1.0
2025-03-21,Friendly,Puerto Rico,Dominican Republic,2.0,2.0
2025-03-21,Friendly,Singapore,Nepal,0.0,1.0
2025-03-21,Friendly,Thailand,Afghanistan,2.0,0.0
2025-03-21,FIFA World Cup qualification,Ecuador,Venezuela,2.0,1.0
2025-03-21,FIFA World Cup qualification,Uruguay,Argentina,0.0,1.0
2025-03-21,FIFA World Cup qualification,New Caledonia,Tahiti,3.0,0.0
2025-03-21,FIFA World Cup qualification,New Zealand,Fiji,7.0,0.0
2025-03-21,FIFA World Cup qualification,Burkina Faso,Djibouti,4.0,1.0
2025-03-21,FIFA World Cup qualification,Ethiopia,Egypt,0.0,2.0
2025-03-21,FIFA World Cup qualification,DR Congo,South Sudan,1.0,0.0
2025-03-21,FIFA World Cup qualification,Rwanda,Nigeria,0.0,2.0
2025-03-21,FIFA World Cup qualification,South Africa,Lesotho,0.0,3.0
2025-03-21,FIFA World Cup qualification,Morocco,Niger,2.0,1.0
2025-03-21,FIFA World Cup qualification,Burundi,Ivory Coast,0.0,1.0
2025-03-21,FIFA World Cup qualification,Botswana,Algeria,1.0,3.0
2025-03-21,FIFA World Cup qualification,Guinea,Somalia,0.0,0.0
2025-03-21,FIFA World Cup qualification,Equatorial Guinea,São Tomé and Príncipe,2.0,0.0
2025-03-21,FIFA World Cup qualification,Ghana,Chad,5.0,0.0
2025-03-21,FIFA World Cup qualification,Malta,Finland,0.0,1.0
2025-03-21,FIFA World Cup qualification,Poland,Lithuania,1.0,0.0
2025-03-21,FIFA World Cup qualification,Cyprus,San Marino,2.0,0.0
2025-03-21,FIFA World Cup qualification,Romania,Bosnia and Herzegovina,0.0,1.0
2025-03-21,FIFA World Cup qualification,England,Albania,2.0,0.0
2025-03-21,FIFA World Cup qualification,Andorra,Latvia,0.0,1.0
2025-03-22,Friendly,Azerbaijan,Haiti,0.0,3.0
2025-03-22,Friendly,Luxembourg,Sweden,1.0,0.0
2025-03-22,FIFA World Cup qualification,Togo,Mauritania,2.0,2.0
2025-03-22,FIFA World Cup qualification,Sudan,Senegal,0.0,0.0
2025-03-22,FIFA World Cup qualification,Moldova,Norway,0.0,5.0
2025-03-22,FIFA World Cup qualification,Israel,Estonia,2.0,1.0
2025-03-22,FIFA World Cup qualification,Liechtenstein,North Macedonia,0.0,3.0
2025-03-22,FIFA World Cup qualification,Wales,Kazakhstan,3.0,1.0
2025-03-22,FIFA World Cup qualification,Montenegro,Gibraltar,3.0,1.0
2025-03-22,FIFA World Cup qualification,Czech Republic,Faroe Islands,2.0,1.0
2025-03-23,CONCACAF Nations League,United States,Canada,1.0,2.0
2025-03-23,CONCACAF Nations League,Panama,Mexico,1.0,2.0
2025-03-23,UEFA Nations League,France,Croatia,2.0,0.0
2025-03-23,UEFA Nations League,Germany,Italy,3.0,3.0
2025-03-23,UEFA Nations League,Portugal,Denmark,5.0,2.0
2025-03-23,UEFA Nations League,Spain,Netherlands,3.0,3.0
2025-03-23,UEFA Nations League,Belgium,Ukraine,3.0,0.0
2025-03-23,UEFA Nations League,Hungary,Turkey,0.0,3.0
2025-03-23,UEFA Nations League,Scotland,Greece,0.0,3.0
2025-03-23,UEFA Nations League,Serbia,Austria,2.0,0.0
2025-03-23,UEFA Nations League,Georgia,Armenia,6.0,1.0
2025-03-23,UEFA Nations League,Iceland,Kosovo,1.0,3.0
2025-03-23,UEFA Nations League,Republic of Ireland,Bulgaria,2.0,1.0
2025-03-23,UEFA Nations League,Slovenia,Slovakia,1.0,0.0
2025-03-23,FIFA World Cup qualification,Eswatini,Mauritius,3.0,3.0
2025-03-23,FIFA World Cup qualification,Kenya,Gabon,1.0,2.0
2025-03-24,FIFA World Cup qualification,New Zealand,New Caledonia,3.0,0.0
2025-03-24,FIFA World Cup qualification,Guinea-Bissau,Burkina Faso,1.0,2.0
2025-03-24,FIFA World Cup qualification,Ethiopia,Djibouti,6.0,1.0
2025-03-24,FIFA World Cup qualification,Ivory Coast,Gambia,1.0,0.0
2025-03-24,FIFA World Cup qualification,Namibia,Equatorial Guinea,1.0,1.0
2025-03-24,FIFA World Cup qualification,Liberia,São Tomé and Príncipe,2.0,1.0
2025-03-24,FIFA World Cup qualification,Tunisia,Malawi,2.0,0.0
2025-03-24,FIFA World Cup qualification,Central African Republic,Mali,0.0,0.0
2025-03-24,FIFA World Cup qualification,Madagascar,Ghana,0.0,3.0
2025-03-24,FIFA World Cup qualification,Lithuania,Finland,2.0,2.0
2025-03-24,FIFA World Cup qualification,Poland,Malta,2.0,0.0
2025-03-24,FIFA World Cup qualification,Bosnia and Herzegovina,Cyprus,2.0,1.0
2025-03-24,FIFA World Cup qualification,San Marino,Romania,1.0,5.0
2025-03-24,FIFA World Cup qualification,England,Latvia,3.0,0.0
2025-03-24,FIFA World Cup qualification,Albania,Andorra,3.0,0.0
2025-03-25,AFC Asian Cup qualification,Tajikistan,Timor-Leste,1.0,0.0
2025-03-25,AFC Asian Cup qualification,Philippines,Maldives,4.0,1.0
2025-03-25,AFC Asian Cup qualification,Bhutan,Yemen,0.0,0.0
2025-03-25,AFC Asian Cup qualification,Lebanon,Brunei,5.0,0.0
2025-03-25,AFC Asian Cup qualification,India,Bangladesh,0.0,0.0
2025-03-25,AFC Asian Cup qualification,Singapore,Hong Kong,0.0,0.0
2025-03-25,AFC Asian Cup qualification,Taiwan,Turkmenistan,1.0,2.0
2025-03-25,AFC Asian Cup qualification,Thailand,Sri Lanka,1.0,0.0
2025-03-25,AFC Asian Cup qualification,Myanmar,Afghanistan,2.0,1.0
2025-03-25,AFC Asian Cup qualification,Syria,Pakistan,2.0,0.0
2025-03-25,AFC Asian Cup qualification,Vietnam,Laos,5.0,0.0
2025-03-25,AFC Asian Cup qualification,Malaysia,Nepal,2.0,0.0
2025-03-25,Gold Cup qualification,Costa Rica,Belize,6.0,1.0
2025-03-25,Gold Cup qualification,Guatemala,Guyana,2.0,0.0
2025-03-25,Gold Cup qualification,Honduras,Bermuda,2.0,0.0
2025-03-25,Gold Cup qualification,Jamaica,Saint Vincent and the Grenadines,3.0,0.0
2025-03-25,Gold Cup qualification,Martinique,Suriname,0.0,1.0
2025-03-25,Gold Cup qualification,Nicaragua,Guadeloupe,0.0,1.0
2025-03-25,Gold Cup qualification,Trinidad and Tobago,Cuba,4.0,0.0
2025-03-25,Friendly,Azerbaijan,Belarus,0.0,2.0
2025-03-25,Friendly,Russia,Zambia,5.0,0.0
2025-03-25,Friendly,Cambodia,Aruba,1.0,2.0
2025-03-25,Friendly,Dominican Republic,Puerto Rico,2.0,0.0
2025-03-25,Friendly,Niger,Bonaire,6.0,0.0
2025-03-25,Friendly,Sweden,Northern Ireland,5.0,1.0
2025-03-25,Friendly,Switzerland,Luxembourg,3.0,1.0
2025-03-25,FIFA World Cup qualification,Bolivia,Uruguay,0.0,0.0
2025-03-25,FIFA World Cup qualification,Colombia,Paraguay,2.0,2.0
2025-03-25,FIFA World Cup qualification,Venezuela,Peru,1.0,0.0
2025-03-25,FIFA World Cup qualification,Argentina,Brazil,4.0,1.0
2025-03-25,FIFA World Cup qualification,Chile,Ecuador,0.0,0.0
2025-03-25,FIFA World Cup qualification,Iran,Uzbekistan,2.0,2.0
2025-03-25,FIFA World Cup qualification,Kyrgyzstan,Qatar,3.0,1.0
2025-03-25,FIFA World Cup qualification,North Korea,United Arab Emirates,1.0,2.0
2025-03-25,FIFA World Cup qualification,South Korea,Jordan,1.0,1.0
2025-03-25,FIFA World Cup qualification,Kuwait,Oman,0.0,1.0
2025-03-25,FIFA World Cup qualification,Palestine,Iraq,2.0,1.0
2025-03-25,FIFA World Cup qualification,China,Australia,0.0,2.0
2025-03-25,FIFA World Cup qualification,Japan,Saudi Arabia,0.0,0.0
2025-03-25,FIFA World Cup qualification,Indonesia,Bahrain,1.0,0.0
2025-03-25,FIFA World Cup qualification,Egypt,Sierra Leone,1.0,0.0
2025-03-25,FIFA World Cup qualification,Mauritania,DR Congo,0.0,2.0
2025-03-25,FIFA World Cup qualification,Senegal,Togo,2.0,0.0
2025-03-25,FIFA World Cup qualification,Sudan,South Sudan,1.0,1.0
2025-03-25,FIFA World Cup qualification,Benin,South Africa,0.0,2.0
2025-03-25,FIFA World Cup qualification,Nigeria,Zimbabwe,1.0,1.0
2025-03-25,FIFA World Cup qualification,Rwanda,Lesotho,1.0,1.0
2025-03-25,FIFA World Cup qualification,Angola,Cape Verde,1.0,2.0
2025-03-25,FIFA World Cup qualification,Cameroon,Libya,3.0,1.0
2025-03-25,FIFA World Cup qualification,Morocco,Tanzania,2.0,0.0
2025-03-25,FIFA World Cup qualification,Burundi,Seychelles,5.0,0.0
2025-03-25,FIFA World Cup qualification,Uganda,Guinea,1.0,0.0
2025-03-25,FIFA World Cup qualification,Botswana,Somalia,2.0,0.0
2025-03-25,FIFA World Cup qualification,Algeria,Mozambique,5.0,1.0
2025-03-25,FIFA World Cup qualification,Comoros,Chad,1.0,0.0
2025-03-25,FIFA World Cup qualification,Moldova,Estonia,2.0,3.0
2025-03-25,FIFA World Cup qualification,Israel,Norway,2.0,4.0
2025-03-25,FIFA World Cup qualification,Liechtenstein,Kazakhstan,0.0,2.0
2025-03-25,FIFA World Cup qualification,North Macedonia,Wales,1.0,1.0
2025-03-25,FIFA World Cup qualification,Gibraltar,Czech Republic,0.0,4.0
2025-03-25,FIFA World Cup qualification,Montenegro,Faroe Islands,1.0,0.0
2025-05-09,Friendly,Dominica,Barbados,0.0,0.0
2025-05-11,Friendly,Dominica,Barbados,0.0,0.0
2025-05-21,Friendly,Saint Kitts and Nevis,Saint Vincent and the Grenadines,1.0,3.0
2025-05-25,Friendly,Anguilla,Saint Kitts and Nevis,2.0,4.0
2025-05-25,Friendly,Saint Vincent and the Grenadines,Saint Kitts and Nevis,3.0,0.0
2025-05-27,Unity Cup,Jamaica,Trinidad and Tobago,3.0,2.0
2025-05-28,Unity Cup,Nigeria,Ghana,2.0,1.0
2025-05-28,Friendly,Oman,Lebanon,1.0,0.0
2025-05-29,Friendly,Malaysia,Cape Verde,1.0,1.0
2025-05-30,Friendly,Saint Vincent and the Grenadines,British Virgin Islands,1.0,1.0
2025-05-30,Friendly,Saudi Arabia,Jordan,2.0,0.0
2025-05-31,Unity Cup,Trinidad and Tobago,Ghana,0.0,4.0
2025-05-31,Unity Cup,Jamaica,Nigeria,2.0,2.0
2025-06-01,Friendly,Grenada,Anguilla,2.0,0.0
2025-06-01,Friendly,El Salvador,Guatemala,1.0,1.0
2025-06-01,Friendly,Puerto Rico,Nicaragua,1.0,1.0
2025-06-02,Friendly,Tunisia,Burkina Faso,2.0,0.0
2025-06-03,Friendly,Malaysia,Cape Verde,0.0,3.0
2025-06-04,UEFA Nations League,Germany,Portugal,1.0,2.0
2025-06-04,Friendly,Thailand,India,2.0,0.0
2025-06-04,Friendly,Bangladesh,Bhutan,2.0,0.0
2025-06-04,FIFA World Cup qualification,Bermuda,Cayman Islands,5.0,0.0
2025-06-04,FIFA World Cup qualification,Grenada,Bahamas,6.0,0.0
2025-06-04,FIFA World Cup qualification,Barbados,Aruba,1.0,1.0
2025-06-04,FIFA World Cup qualification,Montserrat,Belize,1.0,0.0
2025-06-04,FIFA World Cup qualification,Dominica,British Virgin Islands,3.0,0.0
2025-06-04,FIFA World Cup qualification,Saint Vincent and the Grenadines,Anguilla,6.0,0.0
2025-06-05,UEFA Nations League,Spain,France,5.0,4.0
2025-06-05,Friendly,Algeria,Rwanda,2.0,0.0
2025-06-05,Friendly,Belarus,Kazakhstan,4.0,1.0
2025-06-05,Friendly,Cambodia,Tajikistan,1.0,2.0
2025-06-05,Friendly,DR Congo,Mali,1.0,0.0
2025-06-05,Friendly,Georgia,Faroe Islands,1.0,0.0
2025-06-05,Friendly,Hong Kong,Nepal,0.0,0.0
2025-06-05,Friendly,Singapore,Maldives,3.0,1.0
2025-06-05,FIFA World Cup qualification,Ecuador,Brazil,0.0,0.0
2025-06-05,FIFA World Cup qualification,Paraguay,Uruguay,2.0,0.0
2025-06-05,FIFA World Cup qualification,Chile,Argentina,0.0,1.0
2025-06-05,FIFA World Cup qualification,United Arab Emirates,Uzbekistan,0.0,0.0
2025-06-05,FIFA World Cup qualification,North Korea,Kyrgyzstan,2.0,2.0
2025-06-05,FIFA World Cup qualification,Qatar,Iran,1.0,0.0
2025-06-05,FIFA World Cup qualification,Oman,Jordan,0.0,3.0
2025-06-05,FIFA World Cup qualification,Iraq,South Korea,0.0,2.0
2025-06-05,FIFA World Cup qualification,Kuwait,Palestine,0.0,2.0
2025-06-05,FIFA World Cup qualification,Bahrain,Saudi Arabia,0.0,2.0
2025-06-05,FIFA World Cup qualification,Australia,Japan,1.0,0.0
2025-06-05,FIFA World Cup qualification,Indonesia,China,1.0,0.0
2025-06-05,Friendly,Sri Lanka,Brunei,1.0,0.0
2025-06-06,Friendly,Bulgaria,Cyprus,2.0,2.0
2025-06-06,Friendly,Burundi,Guinea-Bissau,1.0,0.0
2025-06-06,Friendly,Central African Republic,Mauritania,2.0,1.0
2025-06-06,Friendly,Equatorial Guinea,Gambia,1.0,2.0
2025-06-06,Friendly,Hungary,Sweden,0.0,2.0
2025-06-06,Friendly,Kosovo,Armenia,5.0,2.0
2025-06-06,Friendly,Luxembourg,Slovenia,0.0,1.0
2025-06-06,Friendly,Morocco,Tunisia,2.0,0.0
2025-06-06,Friendly,Niger,Gabon,4.0,3.0
2025-06-06,Friendly,Poland,Moldova,2.0,0.0
2025-06-06,Friendly,Republic of Ireland,Senegal,1.0,1.0
2025-06-06,Friendly,Scotland,Iceland,1.0,3.0
2025-06-06,Friendly,South Africa,Tanzania,0.0,0.0
2025-06-06,Friendly,Uganda,Cameroon,0.0,3.0
2025-06-06,Friendly,Zimbabwe,Burkina Faso,0.0,2.0
2025-06-06,Friendly,Russia,Nigeria,1.0,1.0
2025-06-06,FIFA World Cup qualification,Colombia,Peru,0.0,0.0
2025-06-06,FIFA World Cup qualification,Venezuela,Bolivia,2.0,0.0
2025-06-06,FIFA World Cup qualification,Norway,Italy,3.0,0.0
2025-06-06,FIFA World Cup qualification,Estonia,Israel,1.0,3.0
2025-06-06,FIFA World Cup qualification,Wales,Liechtenstein,3.0,0.0
2025-06-06,FIFA World Cup qualification,North Macedonia,Belgium,1.0,1.0
2025-06-06,FIFA World Cup qualification,Czech Republic,Montenegro,2.0,0.0
2025-06-06,FIFA World Cup qualification,Gibraltar,Croatia,0.0,7.0
2025-06-06,FIFA World Cup qualification,Antigua and Barbuda,Cuba,0.0,1.0
2025-06-06,FIFA World Cup qualification,Trinidad and Tobago,Saint Kitts and Nevis,6.0,2.0
2025-06-06,FIFA World Cup qualification,Curaçao,Saint Lucia,4.0,0.0
2025-06-06,FIFA World Cup qualification,Nicaragua,Guyana,1.0,0.0
2025-06-06,FIFA World Cup qualification,Guatemala,Dominican Republic,4.0,2.0
2025-06-06,FIFA World Cup qualification,Suriname,Puerto Rico,1.0,0.0
2025-06-07,Friendly,Denmark,Northern Ireland,2.0,1.0
2025-06-07,Friendly,Greece,Slovakia,4.0,1.0
2025-06-07,Friendly,Latvia,Azerbaijan,0.0,0.0
2025-06-07,Friendly,Mexico,Switzerland,2.0,4.0
2025-06-07,Friendly,United States,Turkey,1.0,2.0
2025-06-07,FIFA World Cup qualification,Malta,Lithuania,0.0,0.0
2025-06-07,FIFA World Cup qualification,Finland,Netherlands,0.0,2.0
2025-06-07,FIFA World Cup qualification,Bosnia and Herzegovina,San Marino,1.0,0.0
2025-06-07,FIFA World Cup qualification,Austria,Romania,2.0,1.0
2025-06-07,FIFA World Cup qualification,Andorra,England,0.0,1.0
2025-06-07,FIFA World Cup qualification,Albania,Serbia,0.0,0.0
2025-06-07,Canadian Shield,Canada,Ukraine,4.0,2.0
2025-06-07,Canadian Shield,Ivory Coast,New Zealand,0.0,1.0
2025-06-07,Friendly,Kenya,Chad,0.0,0.0
2025-06-07,FIFA World Cup qualification,Cayman Islands,Honduras,0.0,1.0
2025-06-07,FIFA World Cup qualification,Bahamas,Costa Rica,0.0,8.0
2025-06-07,FIFA World Cup qualification,Aruba,Haiti,0.0,5.0
2025-06-07,FIFA World Cup qualification,Belize,Panama,0.0,2.0
2025-06-07,FIFA World Cup qualification,British Virgin Islands,Jamaica,0.0,1.0
2025-06-07,FIFA World Cup qualification,Anguilla,El Salvador,0.0,3.0
2025-06-08,UEFA Nations League,Germany,France,0.0,2.0
2025-06-08,UEFA Nations League,Portugal,Spain,2.0,2.0
2025-06-08,Friendly,DR Congo,Madagascar,3.0,1.0
2025-06-08,Friendly,Georgia,Cape Verde,1.0,1.0
2025-06-09,Friendly,Algeria,Rwanda,2.0,0.0
2025-06-09,Friendly,Equatorial Guinea,Cameroon,1.0,1.0
2025-06-09,Friendly,Gabon,Guinea-Bissau,2.0,0.0
2025-06-09,Friendly,Kosovo,Comoros,4.0,2.0
2025-06-09,Friendly,Liechtenstein,Scotland,0.0,4.0
2025-06-09,Friendly,Montenegro,Armenia,2.0,2.0
2025-06-09,Friendly,Morocco,Benin,1.0,0.0
2025-06-09,Friendly,Uganda,Gambia,1.0,1.0
2025-06-09,FIFA World Cup qualification,Italy,Moldova,2.0,0.0
2025-06-09,FIFA World Cup qualification,Estonia,Norway,0.0,1.0
2025-06-09,FIFA World Cup qualification,Kazakhstan,North Macedonia,0.0,1.0
2025-06-09,FIFA World Cup qualification,Belgium,Wales,4.0,3.0
2025-06-09,FIFA World Cup qualification,Faroe Islands,Gibraltar,2.0,1.0
2025-06-09,FIFA World Cup qualification,Croatia,Czech Republic,5.0,1.0
2025-06-10,AFC Asian Cup qualification,Timor-Leste,Maldives,1.0,0.0
2025-06-10,AFC Asian Cup qualification,Philippines,Tajikistan,2.0,2.0
2025-06-10,AFC Asian Cup qualification,Brunei,Bhutan,2.0,1.0
2025-06-10,AFC Asian Cup qualification,Yemen,Lebanon,0.0,0.0
2025-06-10,AFC Asian Cup qualification,Bangladesh,Singapore,1.0,2.0
2025-06-10,AFC Asian Cup qualification,Hong Kong,India,1.0,0.0
2025-06-10,AFC Asian Cup qualification,Sri Lanka,Taiwan,3.0,1.0
2025-06-10,AFC Asian Cup qualification,Turkmenistan,Thailand,3.0,1.0
2025-06-10,AFC Asian Cup qualification,Myanmar,Pakistan,1.0,0.0
2025-06-10,AFC Asian Cup qualification,Afghanistan,Syria,0.0,1.0
2025-06-10,AFC Asian Cup qualification,Laos,Nepal,2.0,1.0
2025-06-10,AFC Asian Cup qualification,Malaysia,Vietnam,4.0,0.0
2025-06-10,Friendly,Azerbaijan,Hungary,1.0,2.0
2025-06-10,Friendly,Burundi,Mauritania,0.0,0.0
2025-06-10,Friendly,Chad,Kenya,1.0,2.0
2025-06-10,Friendly,Denmark,Lithuania,5.0,0.0
2025-06-10,Friendly,England,Senegal,1.0,3.0
2025-06-10,Friendly,Greece,Bulgaria,4.0,0.0
2025-06-10,Friendly,Israel,Slovakia,1.0,0.0
2025-06-10,Friendly,Luxembourg,Republic of Ireland,0.0,0.0
2025-06-10,Friendly,Mexico,Turkey,1.0,0.0
2025-06-10,Friendly,Niger,Zimbabwe,1.0,1.0
2025-06-10,Friendly,Northern Ireland,Iceland,1.0,0.0
2025-06-10,Friendly,Slovenia,Bosnia and Herzegovina,2.0,1.0
2025-06-10,Friendly,South Africa,Mozambique,2.0,0.0
2025-06-10,Friendly,Sweden,Algeria,4.0,3.0
2025-06-10,Friendly,United States,Switzerland,0.0,4.0
2025-06-10,FIFA World Cup qualification,Bolivia,Chile,2.0,0.0
2025-06-10,FIFA World Cup qualification,Uruguay,Venezuela,2.0,0.0
2025-06-10,FIFA World Cup qualification,Peru,Ecuador,0.0,0.0
2025-06-10,FIFA World Cup qualification,Argentina,Colombia,1.0,1.0
2025-06-10,FIFA World Cup qualification,Brazil,Paraguay,1.0,0.0
2025-06-10,FIFA World Cup qualification,Uzbekistan,Qatar,3.0,0.0
2025-06-10,FIFA World Cup qualification,Iran,North Korea,3.0,0.0
2025-06-10,FIFA World Cup qualification,Kyrgyzstan,United Arab Emirates,1.0,1.0
2025-06-10,FIFA World Cup qualification,South Korea,Kuwait,4.0,0.0
2025-06-10,FIFA World Cup qualification,Jordan,Iraq,0.0,1.0
2025-06-10,FIFA World Cup qualification,Palestine,Oman,1.0,1.0
2025-06-10,FIFA World Cup qualification,China,Bahrain,1.0,0.0
2025-06-10,FIFA World Cup qualification,Japan,Indonesia,6.0,0.0
2025-06-10,FIFA World Cup qualification,Saudi Arabia,Australia,1.0,2.0
2025-06-10,FIFA World Cup qualification,Netherlands,Malta,8.0,0.0
2025-06-10,FIFA World Cup qualification,Finland,Poland,2.0,1.0
2025-06-10,FIFA World Cup qualification,San Marino,Austria,0.0,4.0
2025-06-10,FIFA World Cup qualification,Romania,Cyprus,2.0,0.0
2025-06-10,FIFA World Cup qualification,Serbia,Andorra,3.0,0.0
2025-06-10,FIFA World Cup qualification,Latvia,Albania,1.0,1.0
2025-06-10,Canadian Shield,New Zealand,Ukraine,1.0,2.0
2025-06-10,Canadian Shield,Canada,Ivory Coast,0.0,0.0
2025-06-10,Friendly,Belarus,Russia,1.0,4.0
2025-06-10,FIFA World Cup qualification,Cuba,Bermuda,1.0,2.0
2025-06-10,FIFA World Cup qualification,Honduras,Antigua and Barbuda,2.0,0.0
2025-06-10,FIFA World Cup qualification,Saint Kitts and Nevis,Grenada,2.0,3.0
2025-06-10,FIFA World Cup qualification,Costa Rica,Trinidad and Tobago,2.0,1.0
2025-06-10,FIFA World Cup qualification,Saint Lucia,Barbados,2.0,1.0
2025-06-10,FIFA World Cup qualification,Haiti,Curaçao,1.0,5.0
2025-06-10,FIFA World Cup qualification,Guyana,Montserrat,3.0,0.0
2025-06-10,FIFA World Cup qualification,Panama,Nicaragua,3.0,0.0
2025-06-10,FIFA World Cup qualification,Dominican Republic,Dominica,5.0,0.0
2025-06-10,FIFA World Cup qualification,Jamaica,Guatemala,3.0,0.0
2025-06-10,FIFA World Cup qualification,Puerto Rico,Saint Vincent and the Grenadines,2.0,1.0
2025-06-10,FIFA World Cup qualification,El Salvador,Suriname,1.0,1.0
2025-06-14,Gold Cup,Mexico,Dominican Republic,3.0,2.0
2025-06-15,Gold Cup,Costa Rica,Suriname,4.0,3.0
2025-06-15,Gold Cup,United States,Trinidad and Tobago,5.0,0.0
2025-06-15,Gold Cup,Haiti,Saudi Arabia,0.0,1.0
2025-06-16,Gold Cup,Panama,Guadeloupe,5.0,2.0
2025-06-16,Gold Cup,Jamaica,Guatemala,0.0,1.0
2025-06-17,Gold Cup,Curaçao,El Salvador,0.0,0.0
2025-06-17,Gold Cup,Canada,Honduras,6.0,0.0
2025-06-18,Gold Cup,Costa Rica,Dominican Republic,2.0,1.0
2025-06-18,Gold Cup,Suriname,Mexico,0.0,2.0
2025-06-19,Gold Cup,Trinidad and Tobago,Haiti,1.0,1.0
2025-06-19,Gold Cup,United States,Saudi Arabia,1.0,0.0
2025-06-20,Gold Cup,Jamaica,Guadeloupe,2.0,1.0
2025-06-20,Gold Cup,Guatemala,Panama,0.0,1.0
2025-06-21,Gold Cup,Curaçao,Canada,1.0,1.0
2025-06-21,Gold Cup,Honduras,El Salvador,2.0,0.0
2025-06-22,Gold Cup,Mexico,Costa Rica,0.0,0.0
2025-06-22,Gold Cup,Dominican Republic,Suriname,0.0,0.0
2025-06-22,Gold Cup,Saudi Arabia,Trinidad and Tobago,1.0,1.0
2025-06-22,Gold Cup,United States,Haiti,2.0,1.0
2025-06-24,Gold Cup,Honduras,Curaçao,2.0,1.0
2025-06-24,Gold Cup,Canada,El Salvador,2.0,0.0
2025-06-24,Gold Cup,Panama,Jamaica,4.0,1.0
2025-06-24,Gold Cup,Guadeloupe,Guatemala,2.0,3.0
2025-06-28,Gold Cup,Panama,Honduras,1.0,1.0
2025-06-28,Gold Cup,Mexico,Saudi Arabia,2.0,0.0
2025-06-29,Gold Cup,Canada,Guatemala,1.0,1.0
2025-06-29,Gold Cup,United States,Costa Rica,2.0,2.0
2025-07-01,CONIFA Asia Cup,Tamil Eelam,Tibet,4.0,0.0
2025-07-02,Gold Cup,United States,Guatemala,2.0,1.0
2025-07-02,Gold Cup,Mexico,Honduras,1.0,0.0
2025-07-02,CONIFA Asia Cup,Tamil Eelam,East Turkestan,2.0,1.0
2025-07-03,CONIFA Asia Cup,Tibet,East Turkestan,4.0,6.0
2025-07-04,CONIFA Asia Cup,Tamil Eelam,East Turkestan,5.0,0.0
2025-07-06,Gold Cup,United States,Mexico,1.0,2.0
2025-07-13,Island Games,Hitra,Isle of Man,2.0,7.0
2025-07-13,Island Games,Orkney,Frøya,3.0,0.0
2025-07-13,Island Games,Gozo,Shetland,0.0,0.0
2025-07-14,Island Games,Orkney,Hitra,3.0,2.0
2025-07-14,Island Games,Isle of Man,Frøya,10.0,1.0
2025-07-14,Island Games,Jersey,Gozo,2.0,0.0
2025-07-14,Island Games,Ynys Môn,Western Isles,1.0,0.0
2025-07-15,Island Games,Orkney,Isle of Man,1.0,3.0
2025-07-15,Island Games,Frøya,Hitra,0.0,6.0
2025-07-15,Island Games,Jersey,Shetland,2.0,2.0
2025-07-17,Island Games,Hitra,Frøya,3.0,0.0
2025-07-17,Island Games,Gozo,Western Isles,3.0,3.0
2025-07-17,Island Games,Orkney,Shetland,3.0,2.0
2025-07-17,Island Games,Isle of Man,Ynys Môn,0.0,1.0
2025-07-18,Island Games,Isle of Man,Jersey,3.0,2.0
2025-08-13,Outrigger Challenge Cup,United States Virgin Islands,Turks and Caicos Islands,1.0,1.0
2025-08-14,Outrigger Challenge Cup,Marshall Islands,United States Virgin Islands,0.0,4.0
2025-08-16,Outrigger Challenge Cup,Turks and Caicos Islands,Marshall Islands,3.0,2.0
2025-08-24,Friendly,Qatar,Lebanon,2.0,2.0
2025-09-03,Friendly,Qatar,Bahrain,2.0,2.0
2025-09-03,FIFA World Cup qualification,Seychelles,Gabon,0.0,4.0
2025-09-04,Friendly,Gibraltar,Albania,0.0,1.0
2025-09-04,Friendly,Malaysia,Singapore,2.0,1.0
2025-09-04,Friendly,Norway,Finland,1.0,0.0
2025-09-04,Friendly,Russia,Jordan,0.0,0.0
2025-09-04,Friendly,Saudi Arabia,North Macedonia,2.0,1.0
2025-09-04,Friendly,United Arab Emirates,Syria,3.0,1.0
2025-09-04,FIFA World Cup qualification,Colombia,Bolivia,3.0,0.0
2025-09-04,FIFA World Cup qualification,Argentina,Venezuela,3.0,0.0
2025-09-04,FIFA World Cup qualification,Paraguay,Ecuador,0.0,0.0
2025-09-04,FIFA World Cup qualification,Uruguay,Peru,3.0,0.0
2025-09-04,FIFA World Cup qualification,Brazil,Chile,3.0,0.0
2025-09-04,FIFA World Cup qualification,Guinea-Bissau,Sierra Leone,1.0,1.0
2025-09-04,FIFA World Cup qualification,Angola,Libya,0.0,1.0
2025-09-04,FIFA World Cup qualification,Cameroon,Eswatini,3.0,0.0
2025-09-04,FIFA World Cup qualification,Mauritius,Cape Verde,0.0,2.0
2025-09-04,FIFA World Cup qualification,Algeria,Botswana,3.0,1.0
2025-09-04,FIFA World Cup qualification,São Tomé and Príncipe,Equatorial Guinea,2.0,3.0
2025-09-04,FIFA World Cup qualification,Tunisia,Liberia,3.0,0.0
2025-09-04,FIFA World Cup qualification,Chad,Ghana,1.0,1.0
2025-09-04,FIFA World Cup qualification,Madagascar,Central African Republic,2.0,0.0
2025-09-04,FIFA World Cup qualification,Mali,Comoros,3.0,0.0
2025-09-04,FIFA World Cup qualification,Luxembourg,Northern Ireland,1.0,3.0
2025-09-04,FIFA World Cup qualification,Slovakia,Germany,2.0,0.0
2025-09-04,FIFA World Cup qualification,Georgia,Turkey,2.0,3.0
2025-09-04,FIFA World Cup qualification,Bulgaria,Spain,0.0,3.0
2025-09-04,FIFA World Cup qualification,Lithuania,Malta,1.0,1.0
2025-09-04,FIFA World Cup qualification,Netherlands,Poland,1.0,1.0
2025-09-04,FIFA World Cup qualification,Kazakhstan,Wales,0.0,1.0
2025-09-04,FIFA World Cup qualification,Liechtenstein,Belgium,0.0,6.0
2025-09-04,King's Cup,Iraq,Hong Kong,2.0,1.0
2025-09-04,King's Cup,Thailand,Fiji,3.0,0.0
2025-09-04,FIFA World Cup qualification,Suriname,Panama,0.0,0.0
2025-09-04,FIFA World Cup qualification,Guatemala,El Salvador,0.0,1.0
2025-09-05,Soccer Ashes,Australia,New Zealand,1.0,0.0
2025-09-05,Friendly,Indonesia,Taiwan,6.0,0.0
2025-09-05,Friendly,Romania,Canada,0.0,3.0
2025-09-05,FIFA World Cup qualification,Djibouti,Burkina Faso,0.0,6.0
2025-09-05,FIFA World Cup qualification,Egypt,Ethiopia,2.0,0.0
2025-09-05,FIFA World Cup qualification,South Sudan,DR Congo,1.0,4.0
2025-09-05,FIFA World Cup qualification,Mauritania,Togo,2.0,0.0
2025-09-05,FIFA World Cup qualification,Senegal,Sudan,2.0,0.0
2025-09-05,FIFA World Cup qualification,Benin,Zimbabwe,1.0,0.0
2025-09-05,FIFA World Cup qualification,South Africa,Lesotho,3.0,0.0
2025-09-05,FIFA World Cup qualification,Congo,Tanzania,1.0,1.0
2025-09-05,FIFA World Cup qualification,Morocco,Niger,5.0,0.0
2025-09-05,FIFA World Cup qualification,Kenya,Gambia,1.0,3.0
2025-09-05,FIFA World Cup qualification,Ivory Coast,Burundi,1.0,0.0
2025-09-05,FIFA World Cup qualification,Somalia,Guinea,0.0,3.0
2025-09-05,FIFA World Cup qualification,Uganda,Mozambique,4.0,0.0
2025-09-05,FIFA World Cup qualification,Namibia,Malawi,1.0,2.0
2025-09-05,FIFA World Cup qualification,Slovenia,Sweden,2.0,2.0
2025-09-05,FIFA World Cup qualification,Switzerland,Kosovo,4.0,0.0
2025-09-05,FIFA World Cup qualification,Denmark,Scotland,0.0,0.0
2025-09-05,FIFA World Cup qualification,Greece,Belarus,5.0,1.0
2025-09-05,FIFA World Cup qualification,Iceland,Azerbaijan,5.0,0.0
2025-09-05,FIFA World Cup qualification,Ukraine,France,0.0,2.0
2025-09-05,FIFA World Cup qualification,Italy,Estonia,5.0,0.0
2025-09-05,FIFA World Cup qualification,Moldova,Israel,0.0,4.0
2025-09-05,FIFA World Cup qualification,Faroe Islands,Croatia,0.0,1.0
2025-09-05,FIFA World Cup qualification,Montenegro,Czech Republic,0.0,2.0
2025-09-05,FIFA World Cup qualification,Bermuda,Jamaica,0.0,4.0
2025-09-05,FIFA World Cup qualification,Trinidad and Tobago,Curaçao,0.0,0.0
2025-09-05,FIFA World Cup qualification,Haiti,Honduras,0.0,0.0
2025-09-05,FIFA World Cup qualification,Nicaragua,Costa Rica,1.0,1.0
2025-09-06,South Asian Super Cup,Sri Lanka,Maldives,0.0,3.0
2025-09-06,Friendly,Mexico,Japan,0.0,0.0
2025-09-06,Friendly,Nepal,Bangladesh,0.0,0.0
2025-09-06,Friendly,United States,South Korea,0.0,2.0
2025-09-06,FIFA World Cup qualification,Nigeria,Rwanda,1.0,0.0
2025-09-06,FIFA World Cup qualification,Republic of Ireland,Hungary,2.0,2.0
2025-09-06,FIFA World Cup qualification,Armenia,Portugal,0.0,5.0
2025-09-06,FIFA World Cup qualification,Austria,Cyprus,1.0,0.0
2025-09-06,FIFA World Cup qualification,San Marino,Bosnia and Herzegovina,0.0,6.0
2025-09-06,FIFA World Cup qualification,Latvia,Serbia,0.0,1.0
2025-09-06,FIFA World Cup qualification,England,Andorra,2.0,0.0
2025-09-07,FIFA World Cup qualification,Central African Republic,Comoros,0.0,2.0
2025-09-07,FIFA World Cup qualification,Germany,Northern Ireland,3.0,1.0
2025-09-07,FIFA World Cup qualification,Luxembourg,Slovakia,0.0,1.0
2025-09-07,FIFA World Cup qualification,Georgia,Bulgaria,3.0,0.0
2025-09-07,FIFA World Cup qualification,Turkey,Spain,0.0,6.0
2025-09-07,FIFA World Cup qualification,Lithuania,Netherlands,2.0,3.0
2025-09-07,FIFA World Cup qualification,Poland,Finland,3.0,1.0
2025-09-07,FIFA World Cup qualification,North Macedonia,Liechtenstein,5.0,0.0
2025-09-07,FIFA World Cup qualification,Belgium,Kazakhstan,6.0,0.0
2025-09-07,Friendly,Qatar,Russia,1.0,4.0
2025-09-07,King's Cup,Fiji,Hong Kong,0.0,8.0
2025-09-07,King's Cup,Thailand,Iraq,0.0,1.0
2025-09-08,Friendly,Czech Republic,Saudi Arabia,1.0,1.0
2025-09-08,Friendly,Indonesia,Lebanon,0.0,0.0
2025-09-08,Friendly,Malaysia,Palestine,1.0,0.0
2025-09-08,Friendly,Syria,Kuwait,2.0,2.0
2025-09-08,Friendly,United Arab Emirates,Bahrain,1.0,0.0
2025-09-08,FIFA World Cup qualification,Guinea-Bissau,Djibouti,2.0,0.0
2025-09-08,FIFA World Cup qualification,Libya,Eswatini,2.0,0.0
2025-09-08,FIFA World Cup qualification,Zambia,Morocco,0.0,2.0
2025-09-08,FIFA World Cup qualification,Mozambique,Botswana,2.0,0.0
2025-09-08,FIFA World Cup qualification,Guinea,Algeria,0.0,0.0
2025-09-08,FIFA World Cup qualification,Uganda,Somalia,2.0,0.0
2025-09-08,FIFA World Cup qualification,Equatorial Guinea,Tunisia,0.0,1.0
2025-09-08,FIFA World Cup qualification,Malawi,Liberia,2.0,2.0
2025-09-08,FIFA World Cup qualification,Madagascar,Chad,3.0,1.0
2025-09-08,FIFA World Cup qualification,Ghana,Mali,1.0,0.0
2025-09-08,FIFA World Cup qualification,Kosovo,Sweden,2.0,0.0
2025-09-08,FIFA World Cup qualification,Switzerland,Slovenia,3.0,0.0
2025-09-08,FIFA World Cup qualification,Belarus,Scotland,0.0,2.0
2025-09-08,FIFA World Cup qualification,Greece,Denmark,0.0,3.0
2025-09-08,FIFA World Cup qualification,Israel,Italy,4.0,5.0
2025-09-08,FIFA World Cup qualification,Croatia,Montenegro,4.0,0.0
2025-09-08,FIFA World Cup qualification,Gibraltar,Faroe Islands,0.0,1.0
2025-09-08,FIFA World Cup qualification,El Salvador,Suriname,1.0,2.0
2025-09-08,FIFA World Cup qualification,Panama,Guatemala,1.0,1.0
2025-09-09,Friendly,Estonia,Andorra,0.0,0.0
2025-09-09,Friendly,Jordan,Dominican Republic,3.0,0.0
2025-09-09,Friendly,Malta,San Marino,3.0,1.0
2025-09-09,Friendly,Mexico,South Korea,2.0,2.0
2025-09-09,Soccer Ashes,New Zealand,Australia,1.0,3.0
2025-09-09,Friendly,Singapore,Myanmar,1.0,1.0
2025-09-09,Friendly,Sri Lanka,Maldives,1.0,1.0
2025-09-09,Friendly,United States,Japan,2.0,0.0
2025-09-09,Friendly,Wales,Canada,0.0,1.0
2025-09-09,FIFA World Cup qualification,Ecuador,Argentina,1.0,0.0
2025-09-09,FIFA World Cup qualification,Peru,Paraguay,0.0,1.0
2025-09-09,FIFA World Cup qualification,Bolivia,Brazil,1.0,0.0
2025-09-09,FIFA World Cup qualification,Venezuela,Colombia,3.0,6.0
2025-09-09,FIFA World Cup qualification,Chile,Uruguay,0.0,0.0
2025-09-09,FIFA World Cup qualification,Sierra Leone,Ethiopia,2.0,0.0
2025-09-09,FIFA World Cup qualification,Burkina Faso,Egypt,0.0,0.0
2025-09-09,FIFA World Cup qualification,Togo,Sudan,1.0,0.0
2025-09-09,FIFA World Cup qualification,DR Congo,Senegal,2.0,3.0
2025-09-09,FIFA World Cup qualification,Mauritania,South Sudan,0.0,0.0
2025-09-09,FIFA World Cup qualification,Zimbabwe,Rwanda,0.0,1.0
2025-09-09,FIFA World Cup qualification,South Africa,Nigeria,1.0,1.0
2025-09-09,FIFA World Cup qualification,Benin,Lesotho,4.0,0.0
2025-09-09,FIFA World Cup qualification,Cape Verde,Cameroon,1.0,0.0
2025-09-09,FIFA World Cup qualification,Angola,Mauritius,3.0,1.0
2025-09-09,FIFA World Cup qualification,Tanzania,Niger,0.0,1.0
2025-09-09,FIFA World Cup qualification,Kenya,Seychelles,5.0,0.0
2025-09-09,FIFA World Cup qualification,Gabon,Ivory Coast,0.0,0.0
2025-09-09,FIFA World Cup qualification,Gambia,Burundi,2.0,0.0
2025-09-09,FIFA World Cup qualification,Namibia,São Tomé and Príncipe,3.0,0.0
2025-09-09,FIFA World Cup qualification,Azerbaijan,Ukraine,1.0,1.0
2025-09-09,FIFA World Cup qualification,France,Iceland,2.0,1.0
2025-09-09,FIFA World Cup qualification,Armenia,Republic of Ireland,2.0,1.0
2025-09-09,FIFA World Cup qualification,Hungary,Portugal,2.0,3.0
2025-09-09,FIFA World Cup qualification,Bosnia and Herzegovina,Austria,1.0,2.0
2025-09-09,FIFA World Cup qualification,Cyprus,Romania,2.0,2.0
2025-09-09,FIFA World Cup qualification,Norway,Moldova,11.0,1.0
2025-09-09,FIFA World Cup qualification,Albania,Latvia,1.0,0.0
2025-09-09,FIFA World Cup qualification,Serbia,England,0.0,5.0
2025-09-09,FIFA World Cup qualification,Jamaica,Trinidad and Tobago,2.0,0.0
2025-09-09,FIFA World Cup qualification,Curaçao,Bermuda,3.0,2.0
2025-09-09,FIFA World Cup qualification,Costa Rica,Haiti,3.0,3.0
2025-09-09,FIFA World Cup qualification,Honduras,Nicaragua,2.0,0.0
2025-10-04,Friendly,Saint Kitts and Nevis,Saint Martin,5.0,0.0
2025-10-05,Friendly,Saint Kitts and Nevis,Saint Martin,2.0,1.0
2025-10-05,Friendly,Saint Vincent and the Grenadines,Cuba,7.0,0.0
2025-10-08,FIFA World Cup qualification,Qatar,Oman,0.0,0.0
2025-10-08,FIFA World Cup qualification,Saudi Arabia,Indonesia,3.0,2.0
2025-10-08,FIFA World Cup qualification,Ethiopia,Guinea-Bissau,1.0,0.0
2025-10-08,FIFA World Cup qualification,Sierra Leone,Burkina Faso,0.0,1.0
2025-10-08,FIFA World Cup qualification,Djibouti,Egypt,0.0,3.0
2025-10-08,FIFA World Cup qualification,Libya,Cape Verde,3.0,3.0
2025-10-08,FIFA World Cup qualification,Eswatini,Angola,2.0,2.0
2025-10-08,FIFA World Cup qualification,Mauritius,Cameroon,0.0,2.0
2025-10-08,FIFA World Cup qualification,Niger,Congo,3.0,1.0
2025-10-08,FIFA World Cup qualification,Tanzania,Zambia,0.0,1.0
2025-10-08,FIFA World Cup qualification,Comoros,Madagascar,1.0,2.0
2025-10-08,FIFA World Cup qualification,Central African Republic,Ghana,0.0,5.0
2025-10-08,FIFA World Cup qualification,Chad,Mali,0.0,2.0
2025-10-08,Friendly,Gibraltar,New Caledonia,0.0,2.0
2025-10-08,Friendly,Saint Vincent and the Grenadines,Cuba,1.0,0.0
2025-10-09,Friendly,England,Wales,3.0,0.0
2025-10-09,Friendly,Poland,New Zealand,1.0,0.0
2025-10-09,Friendly,Romania,Moldova,2.0,1.0
2025-10-09,Friendly,Morocco,Bahrain,1.0,0.0
2025-10-09,Friendly,Grenada,British Virgin Islands,4.0,1.0
2025-10-09,FIFA World Cup qualification,Burundi,Kenya,0.0,1.0
2025-10-09,FIFA World Cup qualification,Algeria,Somalia,3.0,0.0
2025-10-09,FIFA World Cup qualification,Botswana,Uganda,0.0,1.0
2025-10-09,FIFA World Cup qualification,Mozambique,Guinea,1.0,2.0
2025-10-09,FIFA World Cup qualification,Malawi,Equatorial Guinea,3.0,0.0
2025-10-09,FIFA World Cup qualification,Scotland,Greece,3.0,1.0
2025-10-09,FIFA World Cup qualification,Belarus,Denmark,0.0,6.0
2025-10-09,FIFA World Cup qualification,Malta,Netherlands,0.0,4.0
2025-10-09,FIFA World Cup qualification,Finland,Lithuania,2.0,1.0
2025-10-09,FIFA World Cup qualification,Austria,San Marino,10.0,0.0
2025-10-09,FIFA World Cup qualification,Cyprus,Bosnia and Herzegovina,2.0,2.0
2025-10-09,FIFA World Cup qualification,Faroe Islands,Montenegro,4.0,0.0
2025-10-09,FIFA World Cup qualification,Czech Republic,Croatia,0.0,0.0
2025-10-09,AFC Asian Cup qualification,Tajikistan,Maldives,2.0,0.0
2025-10-09,AFC Asian Cup qualification,Timor-Leste,Philippines,1.0,4.0
2025-10-09,AFC Asian Cup qualification,Brunei,Yemen,0.0,2.0
2025-10-09,AFC Asian Cup qualification,Lebanon,Bhutan,2.0,0.0
2025-10-09,AFC Asian Cup qualification,Singapore,India,1.0,1.0
2025-10-09,AFC Asian Cup qualification,Bangladesh,Hong Kong,3.0,4.0
2025-10-09,AFC Asian Cup qualification,Sri Lanka,Turkmenistan,1.0,0.0
2025-10-09,AFC Asian Cup qualification,Thailand,Taiwan,2.0,0.0
2025-10-09,AFC Asian Cup qualification,Pakistan,Afghanistan,0.0,0.0
2025-10-09,AFC Asian Cup qualification,Syria,Myanmar,5.0,1.0
2025-10-09,AFC Asian Cup qualification,Laos,Malaysia,0.0,3.0
2025-10-09,AFC Asian Cup qualification,Vietnam,Nepal,3.0,1.0
2025-10-09,FIFA World Cup qualification,Liberia,Namibia,3.0,1.0
2025-10-09,FIFA World Cup qualification,Nicaragua,Haiti,0.0,3.0
2025-10-09,FIFA World Cup qualification,Honduras,Costa Rica,0.0,0.0
2025-10-10,Friendly,Argentina,Venezuela,1.0,0.0
2025-10-10,Friendly,Chile,Peru,2.0,1.0
2025-10-10,Friendly,Canada,Australia,0.0,1.0
2025-10-10,Friendly,Russia,Iran,2.0,1.0
2025-10-10,Kirin Cup,Japan,Paraguay,2.0,2.0
2025-10-10,Friendly,Uzbekistan,Kuwait,2.0,0.0
2025-10-10,Friendly,Jordan,Bolivia,0.0,1.0
2025-10-10,Friendly,South Korea,Brazil,0.0,5.0
2025-10-10,Friendly,Uruguay,Dominican Republic,1.0,0.0
2025-10-10,Friendly,United States,Ecuador,1.0,1.0
2025-10-10,FIFA World Cup qualification,Togo,DR Congo,0.0,1.0
2025-10-10,FIFA World Cup qualification,South Sudan,Senegal,0.0,5.0
2025-10-10,FIFA World Cup qualification,Sudan,Mauritania,0.0,0.0
2025-10-10,FIFA World Cup qualification,Lesotho,Nigeria,1.0,2.0
2025-10-10,FIFA World Cup qualification,Rwanda,Benin,0.0,1.0
2025-10-10,FIFA World Cup qualification,South Africa,Zimbabwe,0.0,0.0
2025-10-10,FIFA World Cup qualification,Gambia,Gabon,3.0,4.0
2025-10-10,FIFA World Cup qualification,Seychelles,Ivory Coast,0.0,7.0
2025-10-10,FIFA World Cup qualification,Tunisia,São Tomé and Príncipe,6.0,0.0
2025-10-10,FIFA World Cup qualification,Northern Ireland,Slovakia,2.0,0.0
2025-10-10,FIFA World Cup qualification,Germany,Luxembourg,4.0,0.0
2025-10-10,FIFA World Cup qualification,Kosovo,Slovenia,0.0,0.0
2025-10-10,FIFA World Cup qualification,Sweden,Switzerland,0.0,2.0
2025-10-10,FIFA World Cup qualification,Iceland,Ukraine,3.0,5.0
2025-10-10,FIFA World Cup qualification,France,Azerbaijan,3.0,0.0
2025-10-10,FIFA World Cup qualification,Kazakhstan,Liechtenstein,4.0,0.0
2025-10-10,FIFA World Cup qualification,Belgium,North Macedonia,0.0,0.0
2025-10-10,FIFA World Cup qualification,Suriname,Guatemala,1.0,1.0
2025-10-10,FIFA World Cup qualification,El Salvador,Panama,0.0,1.0
2025-10-10,FIFA World Cup qualification,Bermuda,Trinidad and Tobago,0.0,3.0
2025-10-10,FIFA World Cup qualification,Curaçao,Jamaica,2.0,0.0
2025-10-11,Friendly,Grenada,Cuba,2.0,0.0
2025-10-11,Friendly,Mexico,Colombia,0.0,4.0
2025-10-11,FIFA World Cup qualification,United Arab Emirates,Oman,2.0,1.0
2025-10-11,FIFA World Cup qualification,Iraq,Indonesia,1.0,0.0
2025-10-11,FIFA World Cup qualification,Spain,Georgia,2.0,0.0
2025-10-11,FIFA World Cup qualification,Bulgaria,Turkey,1.0,6.0
2025-10-11,FIFA World Cup qualification,Hungary,Armenia,2.0,0.0
2025-10-11,FIFA World Cup qualification,Portugal,Republic of Ireland,1.0,0.0
2025-10-11,FIFA World Cup qualification,Norway,Israel,5.0,0.0
2025-10-11,FIFA World Cup qualification,Estonia,Italy,1.0,3.0
2025-10-11,FIFA World Cup qualification,Latvia,Andorra,2.0,2.0
2025-10-11,FIFA World Cup qualification,Serbia,Albania,0.0,1.0
2025-10-12,Friendly,Malta,Bosnia and Herzegovina,1.0,4.0
2025-10-12,FIFA World Cup qualification,Burkina Faso,Ethiopia,3.0,1.0
2025-10-12,FIFA World Cup qualification,Djibouti,Sierra Leone,1.0,2.0
2025-10-12,FIFA World Cup qualification,Egypt,Guinea-Bissau,1.0,0.0
2025-10-12,FIFA World Cup qualification,Zambia,Niger,0.0,1.0
2025-10-12,FIFA World Cup qualification,Chad,Central African Republic,2.0,3.0
2025-10-12,FIFA World Cup qualification,Ghana,Comoros,1.0,0.0
2025-10-12,FIFA World Cup qualification,Mali,Madagascar,4.0,1.0
2025-10-12,FIFA World Cup qualification,Scotland,Belarus,2.0,1.0
2025-10-12,FIFA World Cup qualification,Denmark,Greece,3.0,1.0
2025-10-12,FIFA World Cup qualification,Netherlands,Finland,4.0,0.0
2025-10-12,FIFA World Cup qualification,Lithuania,Poland,0.0,2.0
2025-10-12,FIFA World Cup qualification,San Marino,Cyprus,0.0,4.0
2025-10-12,FIFA World Cup qualification,Romania,Austria,1.0,0.0
2025-10-12,FIFA World Cup qualification,Faroe Islands,Czech Republic,2.0,1.0
2025-10-12,FIFA World Cup qualification,Croatia,Gibraltar,3.0,0.0
2025-10-13,Friendly,Montenegro,Liechtenstein,2.0,1.0
2025-10-13,Friendly,Uzbekistan,Uruguay,1.0,2.0
2025-10-13,FIFA World Cup qualification,South Sudan,Togo,0.0,0.0
2025-10-13,FIFA World Cup qualification,Lesotho,Zimbabwe,1.0,0.0
2025-10-13,FIFA World Cup qualification,Cape Verde,Eswatini,3.0,0.0
2025-10-13,FIFA World Cup qualification,Cameroon,Angola,0.0,0.0
2025-10-13,FIFA World Cup qualification,Mauritius,Libya,0.0,0.0
2025-10-13,FIFA World Cup qualification,Equatorial Guinea,Liberia,1.0,1.0
2025-10-13,FIFA World Cup qualification,São Tomé and Príncipe,Malawi,1.0,0.0
2025-10-13,FIFA World Cup qualification,Tunisia,Namibia,3.0,0.0
2025-10-13,FIFA World Cup qualification,Northern Ireland,Germany,0.0,1.0
2025-10-13,FIFA World Cup qualification,Slovakia,Luxembourg,2.0,0.0
2025-10-13,FIFA World Cup qualification,Slovenia,Switzerland,0.0,0.0
2025-10-13,FIFA World Cup qualification,Sweden,Kosovo,0.0,1.0
2025-10-13,FIFA World Cup qualification,Iceland,France,2.0,2.0
2025-10-13,FIFA World Cup qualification,Ukraine,Azerbaijan,2.0,1.0
2025-10-13,FIFA World Cup qualification,Wales,Belgium,2.0,4.0
2025-10-13,FIFA World Cup qualification,North Macedonia,Kazakhstan,1.0,1.0
2025-10-13,FIFA World Cup qualification,Honduras,Haiti,3.0,0.0
2025-10-13,FIFA World Cup qualification,Costa Rica,Nicaragua,4.0,1.0
2025-10-14,Friendly,Albania,Jordan,4.0,2.0
2025-10-14,Kirin Cup,Japan,Brazil,3.0,2.0
2025-10-14,Friendly,Iran,Tanzania,2.0,0.0
2025-10-14,Friendly,Canada,Colombia,0.0,0.0
2025-10-14,Friendly,South Korea,Paraguay,2.0,0.0
2025-10-14,Friendly,Mexico,Ecuador,1.0,1.0
2025-10-14,Friendly,Norway,New Zealand,1.0,1.0
2025-10-14,Friendly,Puerto Rico,Argentina,0.0,6.0
2025-10-14,Friendly,Russia,Bolivia,3.0,0.0
2025-10-14,Friendly,United States,Australia,2.0,1.0
2025-10-14,FIFA World Cup qualification,Qatar,United Arab Emirates,2.0,1.0
2025-10-14,FIFA World Cup qualification,Saudi Arabia,Iraq,0.0,0.0
2025-10-14,FIFA World Cup qualification,Senegal,Mauritania,4.0,0.0
2025-10-14,FIFA World Cup qualification,DR Congo,Sudan,1.0,0.0
2025-10-14,FIFA World Cup qualification,Nigeria,Benin,4.0,0.0
2025-10-14,FIFA World Cup qualification,South Africa,Rwanda,3.0,0.0
2025-10-14,FIFA World Cup qualification,Morocco,Congo,1.0,0.0
2025-10-14,FIFA World Cup qualification,Seychelles,Gambia,0.0,7.0
2025-10-14,FIFA World Cup qualification,Ivory Coast,Kenya,3.0,0.0
2025-10-14,FIFA World Cup qualification,Gabon,Burundi,2.0,0.0
2025-10-14,FIFA World Cup qualification,Algeria,Uganda,2.0,1.0
2025-10-14,FIFA World Cup qualification,Guinea,Botswana,2.0,2.0
2025-10-14,FIFA World Cup qualification,Somalia,Mozambique,0.0,1.0
2025-10-14,FIFA World Cup qualification,Spain,Bulgaria,4.0,0.0
2025-10-14,FIFA World Cup qualification,Turkey,Georgia,4.0,1.0
2025-10-14,FIFA World Cup qualification,Portugal,Hungary,2.0,2.0
2025-10-14,FIFA World Cup qualification,Republic of Ireland,Armenia,1.0,0.0
2025-10-14,FIFA World Cup qualification,Estonia,Moldova,1.0,1.0
2025-10-14,FIFA World Cup qualification,Italy,Israel,3.0,0.0
2025-10-14,FIFA World Cup qualification,Andorra,Serbia,1.0,3.0
2025-10-14,FIFA World Cup qualification,Latvia,England,0.0,5.0
2025-10-14,AFC Asian Cup qualification,Maldives,Tajikistan,0.0,3.0
2025-10-14,AFC Asian Cup qualification,Philippines,Timor-Leste,3.0,1.0
2025-10-14,AFC Asian Cup qualification,Bhutan,Lebanon,0.0,4.0
2025-10-14,AFC Asian Cup qualification,Yemen,Brunei,9.0,0.0
2025-10-14,AFC Asian Cup qualification,India,Singapore,1.0,2.0
2025-10-14,AFC Asian Cup qualification,Hong Kong,Bangladesh,1.0,1.0
2025-10-14,AFC Asian Cup qualification,Taiwan,Thailand,1.0,6.0
2025-10-14,AFC Asian Cup qualification,Turkmenistan,Sri Lanka,2.0,1.0
2025-10-14,AFC Asian Cup qualification,Myanmar,Syria,0.0,3.0
2025-10-14,AFC Asian Cup qualification,Afghanistan,Pakistan,1.0,1.0
2025-10-14,AFC Asian Cup qualification,Vietnam,Nepal,1.0,0.0
2025-10-14,AFC Asian Cup qualification,Malaysia,Laos,5.0,1.0
2025-10-14,FIFA World Cup qualification,Panama,Suriname,1.0,1.0
2025-10-14,FIFA World Cup qualification,El Salvador,Guatemala,0.0,1.0
2025-10-14,FIFA World Cup qualification,Curaçao,Trinidad and Tobago,1.0,1.0
2025-10-14,FIFA World Cup qualification,Jamaica,Bermuda,4.0,0.0
2025-11-12,Friendly,Tunisia,Mauritania,1.0,1.0
2025-11-12,Friendly,Russia,Peru,1.0,1.0
2025-11-12,CONCACAF Series,Cuba,Saint Lucia,3.0,0.0
2025-11-12,CONCACAF Series,Dominican Republic,Saint Vincent and the Grenadines,2.0,0.0
2025-11-12,CONCACAF Series,Dominica,Saint Martin,1.0,2.0
2025-11-12,CONCACAF Series,Saint Kitts and Nevis,Sint Maarten,0.0,0.0
2025-11-12,CONCACAF Series,Barbados,Bonaire,3.0,2.0
2025-11-12,CONCACAF Series,Antigua and Barbuda,Aruba,0.0,0.0
2025-11-12,CONCACAF Series,Bahamas,Anguilla,1.0,2.0
2025-11-12,CONCACAF Series,Cayman Islands,British Virgin Islands,1.0,2.0
2025-11-13,Friendly,Algeria,Zimbabwe,3.0,1.0
2025-11-13,Friendly,Bangladesh,Nepal,2.0,2.0
2025-11-13,Friendly,Canada,Ecuador,0.0,0.0
2025-11-13,Friendly,Czech Republic,San Marino,1.0,0.0
2025-11-13,Friendly,Hong Kong,Cambodia,1.0,1.0
2025-11-13,Friendly,Lithuania,Israel,0.0,0.0
2025-11-13,Friendly,North Macedonia,Latvia,0.0,0.0
2025-11-13,Friendly,Thailand,Singapore,3.0,2.0
2025-11-13,FIFA World Cup qualification,United Arab Emirates,Iraq,1.0,1.0
2025-11-13,FIFA World Cup qualification,Cameroon,DR Congo,0.0,1.0
2025-11-13,FIFA World Cup qualification,Nigeria,Gabon,4.0,1.0
2025-11-13,FIFA World Cup qualification,France,Ukraine,4.0,0.0
2025-11-13,FIFA World Cup qualification,Azerbaijan,Iceland,0.0,2.0
2025-11-13,FIFA World Cup qualification,Republic of Ireland,Portugal,2.0,0.0
2025-11-13,FIFA World Cup qualification,Armenia,Hungary,0.0,1.0
2025-11-13,FIFA World Cup qualification,Norway,Estonia,4.0,1.0
2025-11-13,FIFA World Cup qualification,Moldova,Italy,0.0,2.0
2025-11-13,FIFA World Cup qualification,England,Serbia,2.0,0.0
2025-11-13,FIFA World Cup qualification,Andorra,Albania,0.0,1.0
2025-11-13,Al Ain International Cup,Iran,Cape Verde,0.0,0.0
2025-11-13,MSG Prime Minister's Cup,Papua New Guinea,Solomon Islands,1.0,0.0
2025-11-13,FIFA World Cup qualification,Suriname,El Salvador,4.0,0.0
2025-11-13,FIFA World Cup qualification,Guatemala,Panama,2.0,3.0
2025-11-13,FIFA World Cup qualification,Bermuda,Curaçao,0.0,7.0
2025-11-13,FIFA World Cup qualification,Trinidad and Tobago,Jamaica,1.0,1.0
2025-11-13,FIFA World Cup qualification,Haiti,Costa Rica,1.0,0.0
2025-11-13,FIFA World Cup qualification,Nicaragua,Honduras,2.0,0.0
2025-11-14,Friendly,Angola,Argentina,0.0,2.0
2025-11-14,Friendly,Australia,Venezuela,0.0,1.0
2025-11-14,Friendly,South Korea,Bolivia,2.0,0.0
2025-11-14,Friendly,Morocco,Mozambique,1.0,0.0
2025-11-14,Friendly,Oman,Sudan,2.0,0.0
2025-11-14,Friendly,Comoros,Namibia,1.0,0.0
2025-11-14,Friendly,Uganda,Chad,2.0,1.0
2025-11-14,Friendly,Burkina Faso,Niger,3.0,2.0
2025-11-14,Kirin Cup,Japan,Ghana,2.0,0.0
2025-11-14,Friendly,Saudi Arabia,Ivory Coast,1.0,0.0
2025-11-14,Friendly,Tunisia,Jordan,3.0,2.0
2025-11-14,FIFA World Cup qualification,Luxembourg,Germany,0.0,2.0
2025-11-14,FIFA World Cup qualification,Slovakia,Northern Ireland,1.0,0.0
2025-11-14,FIFA World Cup qualification,Finland,Malta,0.0,1.0
2025-11-14,FIFA World Cup qualification,Poland,Netherlands,1.0,1.0
2025-11-14,FIFA World Cup qualification,Croatia,Faroe Islands,3.0,1.0
2025-11-14,FIFA World Cup qualification,Gibraltar,Montenegro,1.0,2.0
2025-11-14,Al Ain International Cup,Uzbekistan,Egypt,2.0,0.0
2025-11-15,Friendly,Russia,Chile,0.0,2.0
2025-11-15,Friendly,Libya,Mauritania,1.0,0.0
2025-11-15,Friendly,Kuwait,Tanzania,4.0,3.0
2025-11-15,Friendly,Lesotho,Malawi,0.0,0.0
2025-11-15,Friendly,Guinea,Liberia,2.0,0.0
2025-11-15,Friendly,Brazil,Senegal,2.0,0.0
2025-11-15,Friendly,Colombia,New Zealand,2.0,1.0
2025-11-15,Friendly,Mexico,Uruguay,0.0,0.0
2025-11-15,Friendly,South Africa,Zambia,3.0,1.0
2025-11-15,Friendly,United States,Paraguay,2.0,1.0
2025-11-15,FIFA World Cup qualification,Slovenia,Kosovo,0.0,2.0
2025-11-15,FIFA World Cup qualification,Switzerland,Sweden,4.0,1.0
2025-11-15,FIFA World Cup qualification,Denmark,Belarus,2.0,2.0
2025-11-15,FIFA World Cup qualification,Greece,Scotland,3.0,2.0
2025-11-15,FIFA World Cup qualification,Turkey,Bulgaria,2.0,0.0
2025-11-15,FIFA World Cup qualification,Georgia,Spain,0.0,4.0
2025-11-15,FIFA World Cup qualification,Cyprus,Austria,0.0,2.0
2025-11-15,FIFA World Cup qualification,Bosnia and Herzegovina,Romania,3.0,1.0
2025-11-15,FIFA World Cup qualification,Liechtenstein,Wales,0.0,1.0
2025-11-15,FIFA World Cup qualification,Kazakhstan,Belgium,1.0,1.0
2025-11-15,CONCACAF Series,Martinique,Cuba,0.0,2.0
2025-11-15,CONCACAF Series,Saint Vincent and the Grenadines,Saint Lucia,3.0,1.0
2025-11-15,CONCACAF Series,Dominica,Sint Maarten,2.0,3.0
2025-11-15,CONCACAF Series,Saint Martin,Belize,0.0,1.0
2025-11-15,CONCACAF Series,Barbados,Aruba,0.0,3.0
2025-11-15,CONCACAF Series,Guyana,Bonaire,2.0,1.0
2025-11-15,CONCACAF Series,Bahamas,British Virgin Islands,0.0,6.0
2025-11-15,CONCACAF Series,Cayman Islands,Anguilla,4.0,0.0
2025-11-15,Friendly,Basque Country,Palestine,3.0,0.0
2025-11-16,FIFA World Cup qualification,Nigeria,DR Congo,1.0,1.0
2025-11-16,FIFA World Cup qualification,Ukraine,Iceland,2.0,0.0
2025-11-16,FIFA World Cup qualification,Azerbaijan,France,1.0,3.0
2025-11-16,FIFA World Cup qualification,Portugal,Armenia,9.0,1.0
2025-11-16,FIFA World Cup qualification,Hungary,Republic of Ireland,2.0,3.0
2025-11-16,FIFA World Cup qualification,Moldova,Israel,1.0,4.0
2025-11-16,FIFA World Cup qualification,Italy,Norway,1.0,4.0
2025-11-16,FIFA World Cup qualification,Albania,England,0.0,2.0
2025-11-16,FIFA World Cup qualification,Serbia,Latvia,2.0,1.0
2025-11-17,Friendly,Comoros,Namibia,4.0,0.0
2025-11-17,Friendly,Mozambique,Chad,2.0,2.0
2025-11-17,Friendly,Madagascar,Equatorial Guinea,2.0,0.0
2025-11-17,Friendly,Finland,Andorra,4.0,0.0
2025-11-17,Friendly,Qatar,Zimbabwe,1.0,2.0
2025-11-17,Friendly,Bahrain,Somalia,1.0,2.0
2025-11-17,FIFA World Cup qualification,Northern Ireland,Luxembourg,1.0,0.0
2025-11-17,FIFA World Cup qualification,Germany,Slovakia,6.0,0.0
2025-11-17,FIFA World Cup qualification,Malta,Poland,2.0,3.0
2025-11-17,FIFA World Cup qualification,Netherlands,Lithuania,4.0,0.0
2025-11-17,FIFA World Cup qualification,Czech Republic,Gibraltar,6.0,0.0
2025-11-17,FIFA World Cup qualification,Montenegro,Croatia,2.0,3.0
2025-11-17,Al Ain International Cup,Cape Verde,Egypt,1.0,1.0
2025-11-17,MSG Prime Minister's Cup,Vanuatu,Fiji,2.0,0.0
2025-11-18,Friendly,Angola,Zambia,3.0,2.0
2025-11-18,Friendly,Morocco,Uganda,4.0,0.0
2025-11-18,Friendly,Oman,Ivory Coast,0.0,2.0
2025-11-18,Friendly,Saudi Arabia,Algeria,0.0,2.0
2025-11-18,Friendly,Guinea,Niger,1.0,1.0
2025-11-18,Friendly,Kenya,Senegal,0.0,8.0
2025-11-18,Friendly,Benin,Burkina Faso,0.0,3.0
2025-11-18,Kirin Cup,Japan,Bolivia,3.0,0.0
2025-11-18,Friendly,Mali,Jordan,3.0,2.0
2025-11-18,Friendly,Kuwait,Gambia,2.0,2.0
2025-11-18,Friendly,Lesotho,Malawi,0.0,1.0
2025-11-18,AFC Asian Cup qualification,Maldives,Philippines,0.0,2.0
2025-11-18,AFC Asian Cup qualification,Timor-Leste,Tajikistan,0.0,5.0
2025-11-18,AFC Asian Cup qualification,Yemen,Bhutan,7.0,1.0
2025-11-18,AFC Asian Cup qualification,Brunei,Lebanon,0.0,3.0
2025-11-18,AFC Asian Cup qualification,Bangladesh,India,1.0,0.0
2025-11-18,AFC Asian Cup qualification,Hong Kong,Singapore,1.0,2.0
2025-11-18,AFC Asian Cup qualification,Sri Lanka,Thailand,0.0,4.0
2025-11-18,AFC Asian Cup qualification,Turkmenistan,Taiwan,3.0,1.0
2025-11-18,AFC Asian Cup qualification,Pakistan,Syria,0.0,5.0
2025-11-18,AFC Asian Cup qualification,Malaysia,Nepal,1.0,0.0
2025-11-18,Friendly,Brazil,Tunisia,1.0,1.0
2025-11-18,Friendly,Canada,Venezuela,2.0,0.0
2025-11-18,Friendly,Chile,Peru,2.0,1.0
2025-11-18,Friendly,Colombia,Australia,3.0,0.0
2025-11-18,Friendly,Cyprus,Estonia,2.0,4.0
2025-11-18,Friendly,Ecuador,New Zealand,2.0,0.0
2025-11-18,Friendly,Faroe Islands,Kazakhstan,1.0,0.0
2025-11-18,Friendly,South Korea,Ghana,1.0,0.0
2025-11-18,Friendly,Mexico,Paraguay,1.0,2.0
2025-11-18,Friendly,United States,Uruguay,5.0,1.0
2025-11-18,FIFA World Cup qualification,Iraq,United Arab Emirates,2.0,1.0
2025-11-18,FIFA World Cup qualification,Kosovo,Switzerland,1.0,1.0
2025-11-18,FIFA World Cup qualification,Sweden,Slovenia,1.0,1.0
2025-11-18,FIFA World Cup qualification,Scotland,Denmark,4.0,2.0
2025-11-18,FIFA World Cup qualification,Belarus,Greece,0.0,0.0
2025-11-18,FIFA World Cup qualification,Spain,Turkey,2.0,2.0
2025-11-18,FIFA World Cup qualification,Bulgaria,Georgia,2.0,1.0
2025-11-18,FIFA World Cup qualification,Austria,Bosnia and Herzegovina,1.0,1.0
2025-11-18,FIFA World Cup qualification,Romania,San Marino,7.0,1.0
2025-11-18,FIFA World Cup qualification,Wales,North Macedonia,7.0,1.0
2025-11-18,FIFA World Cup qualification,Belgium,Liechtenstein,7.0,0.0
2025-11-18,CONCACAF Series,Dominican Republic,Martinique,0.0,0.0
2025-11-18,CONCACAF Series,Saint Kitts and Nevis,Belize,2.0,6.0
2025-11-18,CONCACAF Series,Antigua and Barbuda,Guyana,1.0,4.0
2025-11-18,Al Ain International Cup,Iran,Uzbekistan,0.0,0.0
2025-11-18,FIFA World Cup qualification,Guatemala,Suriname,3.0,1.0
2025-11-18,FIFA World Cup qualification,Panama,El Salvador,3.0,0.0
2025-11-18,FIFA World Cup qualification,Jamaica,Curaçao,0.0,0.0
2025-11-18,FIFA World Cup qualification,Trinidad and Tobago,Bermuda,2.0,2.0
2025-11-18,FIFA World Cup qualification,Costa Rica,Honduras,0.0,0.0
2025-11-18,FIFA World Cup qualification,Haiti,Nicaragua,2.0,0.0
2025-11-19,AFC Asian Cup qualification,Laos,Vietnam,0.0,2.0
2025-11-20,MSG Prime Minister's Cup,Vanuatu,Solomon Islands,2.0,1.0
2025-11-20,MSG Prime Minister's Cup,Papua New Guinea,Fiji,2.0,0.0
2025-11-23,MSG Prime Minister's Cup,Papua New Guinea,Vanuatu,2.0,2.0
2025-11-25,Arab Cup qualification,Mauritania,Kuwait,0.0,2.0
2025-11-25,Arab Cup qualification,Syria,South Sudan,2.0,0.0
2025-11-25,Arab Cup qualification,Palestine,Libya,0.0,0.0
2025-11-26,Arab Cup qualification,Oman,Somalia,0.0,0.0
2025-11-26,Arab Cup qualification,Bahrain,Djibouti,1.0,0.0
2025-11-26,Arab Cup qualification,Sudan,Lebanon,2.0,1.0
2025-11-26,Arab Cup qualification,Comoros,Yemen,4.0,4.0
2025-12-01,Arab Cup,Tunisia,Syria,0.0,1.0
2025-12-01,Arab Cup,Qatar,Palestine,0.0,1.0
2025-12-02,Arab Cup,Morocco,Comoros,3.0,1.0
2025-12-02,Arab Cup,Saudi Arabia,Oman,2.0,1.0
2025-12-02,Arab Cup,Egypt,Kuwait,1.0,1.0
2025-12-03,Arab Cup,Jordan,United Arab Emirates,2.0,1.0
2025-12-03,Arab Cup,Algeria,Sudan,0.0,0.0
2025-12-03,Arab Cup,Iraq,Bahrain,2.0,1.0
2025-12-04,Arab Cup,Palestine,Tunisia,2.0,2.0
2025-12-04,Arab Cup,Qatar,Syria,1.0,1.0
2025-12-05,Arab Cup,Oman,Morocco,0.0,0.0
2025-12-05,Arab Cup,Comoros,Saudi Arabia,1.0,3.0
2025-12-06,Arab Cup,Kuwait,Jordan,1.0,3.0
2025-12-06,Arab Cup,United Arab Emirates,Egypt,1.0,1.0
2025-12-06,Arab Cup,Bahrain,Algeria,1.0,5.0
2025-12-06,Arab Cup,Sudan,Iraq,0.0,2.0
2025-12-07,Arab Cup,Qatar,Tunisia,0.0,3.0
2025-12-07,Arab Cup,Syria,Palestine,0.0,0.0
2025-12-08,Arab Cup,Morocco,Saudi Arabia,1.0,0.0
2025-12-08,Arab Cup,Oman,Comoros,2.0,1.0
2025-12-09,Arab Cup,Egypt,Jordan,0.0,3.0
2025-12-09,Arab Cup,United Arab Emirates,Kuwait,3.0,1.0
2025-12-09,Arab Cup,Algeria,Iraq,2.0,0.0
2025-12-09,Arab Cup,Bahrain,Sudan,3.0,1.0
2025-12-11,Arab Cup,Morocco,Syria,1.0,0.0
2025-12-11,Arab Cup,Palestine,Saudi Arabia,1.0,2.0
2025-12-12,Arab Cup,Jordan,Iraq,1.0,0.0
2025-12-12,Arab Cup,Algeria,United Arab Emirates,1.0,1.0
2025-12-15,Arab Cup,Morocco,United Arab Emirates,3.0,0.0
2025-12-15,Arab Cup,Saudi Arabia,Jordan,0.0,1.0
2025-12-18,Arab Cup,Jordan,Morocco,2.0,3.0
2025-12-21,African Cup of Nations,Morocco,Comoros,2.0,0.0
2025-12-22,African Cup of Nations,Mali,Zambia,1.0,1.0
2025-12-22,African Cup of Nations,South Africa,Angola,2.0,1.0
2025-12-22,African Cup of Nations,Egypt,Zimbabwe,2.0,1.0
2025-12-23,African Cup of Nations,Nigeria,Tanzania,2.0,1.0
2025-12-23,African Cup of Nations,Tunisia,Uganda,3.0,1.0
2025-12-23,African Cup of Nations,DR Congo,Benin,1.0,0.0
2025-12-23,African Cup of Nations,Senegal,Botswana,3.0,0.0
2025-12-24,African Cup of Nations,Burkina Faso,Equatorial Guinea,2.0,1.0
2025-12-24,African Cup of Nations,Algeria,Sudan,3.0,0.0
2025-12-24,African Cup of Nations,Ivory Coast,Mozambique,1.0,0.0
2025-12-24,African Cup of Nations,Cameroon,Gabon,1.0,0.0
2025-12-26,African Cup of Nations,Zambia,Comoros,0.0,0.0
2025-12-26,African Cup of Nations,Morocco,Mali,1.0,1.0
2025-12-26,African Cup of Nations,Angola,Zimbabwe,1.0,1.0
2025-12-26,African Cup of Nations,Egypt,South Africa,1.0,0.0
2025-12-27,African Cup of Nations,Uganda,Tanzania,1.0,1.0
2025-12-27,African Cup of Nations,Nigeria,Tunisia,3.0,2.0
2025-12-27,African Cup of Nations,Benin,Botswana,1.0,0.0
2025-12-27,African Cup of Nations,Senegal,DR Congo,1.0,1.0
2025-12-28,African Cup of Nations,Equatorial Guinea,Sudan,0.0,1.0
2025-12-28,African Cup of Nations,Algeria,Burkina Faso,1.0,0.0
2025-12-28,African Cup of Nations,Gabon,Mozambique,2.0,3.0
2025-12-28,African Cup of Nations,Ivory Coast,Cameroon,1.0,1.0
2025-12-29,African Cup of Nations,Morocco,Zambia,3.0,0.0
2025-12-29,African Cup of Nations,Comoros,Mali,0.0,0.0
2025-12-29,African Cup of Nations,Angola,Egypt,0.0,0.0
2025-12-29,African Cup of Nations,Zimbabwe,South Africa,2.0,3.0
2025-12-30,African Cup of Nations,Uganda,Nigeria,1.0,3.0
2025-12-30,African Cup of Nations,Tanzania,Tunisia,1.0,1.0
2025-12-30,African Cup of Nations,Benin,Senegal,0.0,3.0
2025-12-30,African Cup of Nations,Botswana,DR Congo,0.0,3.0
2025-12-31,African Cup of Nations,Equatorial Guinea,Algeria,1.0,3.0
2025-12-31,African Cup of Nations,Sudan,Burkina Faso,0.0,2.0
2025-12-31,African Cup of Nations,Gabon,Ivory Coast,2.0,3.0
2025-12-31,African Cup of Nations,Mozambique,Cameroon,1.0,2.0
2026-01-03,African Cup of Nations,Senegal,Sudan,3.0,1.0
2026-01-03,African Cup of Nations,Mali,Tunisia,1.0,1.0
2026-01-04,African Cup of Nations,Morocco,Tanzania,1.0,0.0
2026-01-04,African Cup of Nations,South Africa,Cameroon,1.0,2.0
2026-01-05,African Cup of Nations,Egypt,Benin,3.0,1.0
2026-01-05,African Cup of Nations,Nigeria,Mozambique,4.0,0.0
2026-01-06,African Cup of Nations,Algeria,DR Congo,1.0,0.0
2026-01-06,African Cup of Nations,Ivory Coast,Burkina Faso,3.0,0.0
2026-01-09,African Cup of Nations,Mali,Senegal,0.0,1.0
2026-01-09,African Cup of Nations,Morocco,Cameroon,2.0,0.0
2026-01-10,African Cup of Nations,Algeria,Nigeria,0.0,2.0
2026-01-10,African Cup of Nations,Egypt,Ivory Coast,3.0,2.0
2026-01-14,African Cup of Nations,Senegal,Egypt,1.0,0.0
2026-01-14,African Cup of Nations,Morocco,Nigeria,0.0,0.0
2026-01-17,African Cup of Nations,Egypt,Nigeria,0.0,0.0
2026-01-18,African Cup of Nations,Morocco,Senegal,3.0,0.0
2026-01-18,Friendly,Bolivia,Panama,1.0,1.0
2026-01-18,Friendly,Grenada,Jamaica,0.0,1.0
2026-01-22,Friendly,Panama,Mexico,0.0,1.0
2026-01-25,Friendly,Bolivia,Mexico,0.0,1.0
2026-01-26,Friendly,Uzbekistan,China,2.0,2.0
2026-02-25,Friendly,Mexico,Iceland,4.0,0.0
2026-03-15,Friendly,Bolivia,Trinidad and Tobago,3.0,0.0
2026-03-25,Friendly,Bermuda,DR Congo,0.0,2.0
2026-03-25,Friendly,Equatorial Guinea,Kyrgyzstan,1.0,0.0
2026-03-25,FIFA Series,Kazakhstan,Namibia,2.0,0.0
2026-03-25,FIFA Series,United States Virgin Islands,American Samoa,5.0,2.0
2026-03-25,FIFA Series,Puerto Rico,Guam,4.0,0.0
2026-03-26,Friendly,Brazil,France,1.0,2.0
2026-03-26,Friendly,Colombia,Croatia,1.0,2.0
2026-03-26,Friendly,Cyprus,Belarus,0.0,1.0
2026-03-26,Friendly,Georgia,Israel,2.0,2.0
2026-03-26,Friendly,Moldova,Lithuania,0.0,2.0
2026-03-26,Friendly,Vietnam,Bangladesh,3.0,0.0
2026-03-26,FIFA World Cup qualification,New Caledonia,Jamaica,0.0,1.0
2026-03-26,FIFA World Cup qualification,Bolivia,Suriname,2.0,1.0
2026-03-26,FIFA World Cup qualification,Italy,Northern Ireland,2.0,0.0
2026-03-26,FIFA World Cup qualification,Wales,Bosnia and Herzegovina,1.0,1.0
2026-03-26,FIFA World Cup qualification,Poland,Albania,2.0,1.0
2026-03-26,FIFA World Cup qualification,Ukraine,Sweden,1.0,3.0
2026-03-26,FIFA World Cup qualification,Slovakia,Kosovo,3.0,4.0
2026-03-26,FIFA World Cup qualification,Turkey,Romania,1.0,0.0
2026-03-26,FIFA World Cup qualification,Czech Republic,Republic of Ireland,2.0,2.0
2026-03-26,FIFA World Cup qualification,Denmark,North Macedonia,4.0,0.0
2026-03-26,FIFA Series,Aruba,Macau,4.0,1.0
2026-03-26,FIFA Series,Tanzania,Liechtenstein,0.0,1.0
2026-03-26,CONCACAF Series,Martinique,Cuba,2.0,2.0
2026-03-26,CONCACAF Series,Dominican Republic,El Salvador,2.0,2.0
2026-03-26,CONCACAF Series,Saint Martin,Barbados,3.0,1.0
2026-03-26,CONCACAF Series,Bonaire,Saint Vincent and the Grenadines,3.0,1.0
2026-03-26,CONCACAF Series,Bahamas,Anguilla,1.0,3.0
2026-03-26,CONCACAF Series,Cayman Islands,British Virgin Islands,1.0,1.0
2026-03-27,Friendly,Algeria,Guatemala,7.0,0.0
2026-03-27,Friendly,Argentina,Mauritania,2.0,1.0
2026-03-27,Friendly,Austria,Ghana,5.0,1.0
2026-03-27,Friendly,England,Uruguay,1.0,1.0
2026-03-27,Friendly,Greece,Paraguay,0.0,1.0
2026-03-27,"Morocco, Capital of African Football",Guinea,Togo,2.0,2.0
2026-03-27,"Morocco, Capital of African Football",Liberia,Benin,0.0,1.0
2026-03-27,"Morocco, Capital of African Football",Libya,Niger,0.0,0.0
2026-03-27,Friendly,Montenegro,Andorra,2.0,0.0
2026-03-27,Friendly,Morocco,Ecuador,1.0,1.0
2026-03-27,Friendly,Netherlands,Norway,2.0,1.0
2026-03-27,Friendly,Saudi Arabia,Egypt,0.0,4.0
2026-03-27,Friendly,South Africa,Panama,1.0,1.0
2026-03-27,Friendly,Spain,Serbia,3.0,0.0
2026-03-27,Friendly,Russia,Nicaragua,3.0,1.0
2026-03-27,Friendly,Switzerland,Germany,3.0,4.0
2026-03-27,Friendly,Costa Rica,Jordan,2.0,2.0
2026-03-27,Friendly,Iran,Nigeria,1.0,2.0
2026-03-27,FIFA Series,China,Curaçao,2.0,0.0
2026-03-27,FIFA Series,Australia,Cameroon,1.0,0.0
2026-03-27,FIFA Series,Azerbaijan,Saint Lucia,6.0,1.0
2026-03-27,FIFA Series,Solomon Islands,Bulgaria,2.0,10.0
2026-03-27,FIFA Series,Indonesia,Saint Kitts and Nevis,4.0,0.0
2026-03-27,FIFA Series,Chile,Cape Verde,4.0,2.0
2026-03-27,FIFA Series,New Zealand,Finland,0.0,2.0
2026-03-27,FIFA Series,Kenya,Estonia,1.0,1.0
2026-03-27,FIFA Series,Rwanda,Grenada,4.0,0.0
2026-03-27,FIFA Series,Venezuela,Trinidad and Tobago,4.0,1.0
2026-03-27,FIFA Series,Uzbekistan,Gabon,3.0,1.0
2026-03-27,CONCACAF Series,Guyana,Dominica,2.0,0.0
2026-03-27,CONCACAF Series,Belize,Sint Maarten,2.0,3.0
2026-03-28,Friendly,Burkina Faso,Guinea-Bissau,5.0,0.0
2026-03-28,Friendly,Canada,Iceland,2.0,2.0
2026-03-28,Friendly,Haiti,Tunisia,0.0,1.0
2026-03-28,Friendly,Hungary,Slovenia,1.0,0.0
2026-03-28,Friendly,Ivory Coast,South Korea,4.0,0.0
2026-03-28,Friendly,Mexico,Portugal,0.0,0.0
2026-03-28,Friendly,San Marino,Faroe Islands,1.0,2.0
2026-03-28,Friendly,Scotland,Japan,0.0,1.0
2026-03-28,Friendly,Senegal,Peru,2.0,0.0
2026-03-28,Friendly,United States,Belgium,2.0,5.0
2026-03-28,Friendly,Kyrgyzstan,Madagascar,2.0,5.0
2026-03-28,Mukuru 4 Nations,Botswana,Zimbabwe,0.0,3.0
2026-03-28,FIFA Series,Namibia,Comoros,0.0,0.0
2026-03-28,FIFA Series,American Samoa,Guam,0.0,6.0
2026-03-28,FIFA Series,Puerto Rico,United States Virgin Islands,2.0,0.0
2026-03-29,Friendly,Armenia,Belarus,1.0,2.0
2026-03-29,Friendly,Colombia,France,1.0,3.0
2026-03-29,Friendly,Lithuania,Georgia,0.0,2.0
2026-03-29,FIFA Series,Macau,Tanzania,0.0,6.0
2026-03-29,FIFA Series,Aruba,Liechtenstein,4.0,1.0
2026-03-29,CONCACAF Series,Martinique,El Salvador,0.0,1.0
2026-03-29,CONCACAF Series,Dominican Republic,Cuba,1.0,1.0
2026-03-29,CONCACAF Series,Barbados,Saint Vincent and the Grenadines,2.0,3.0
2026-03-29,CONCACAF Series,Bonaire,Saint Martin,0.0,3.0
2026-03-29,CONCACAF Series,British Virgin Islands,Anguilla,4.0,0.0
2026-03-29,CONCACAF Series,Cayman Islands,Bahamas,1.0,0.0
2026-03-30,Friendly,Cyprus,Moldova,3.0,2.0
2026-03-30,Friendly,Germany,Ghana,2.0,1.0
2026-03-30,FIFA Series,Azerbaijan,Sierra Leone,1.0,1.0
2026-03-30,FIFA Series,Saint Kitts and Nevis,Solomon Islands,4.0,2.0
2026-03-30,FIFA Series,Indonesia,Bulgaria,0.0,1.0
2026-03-30,FIFA Series,Cape Verde,Finland,1.0,1.0
2026-03-30,FIFA Series,New Zealand,Chile,4.0,1.0
2026-03-30,FIFA Series,Grenada,Kenya,0.0,3.0
2026-03-30,FIFA Series,Rwanda,Estonia,2.0,0.0
2026-03-30,FIFA Series,Gabon,Trinidad and Tobago,2.0,2.0
2026-03-30,FIFA Series,Uzbekistan,Venezuela,0.0,0.0
2026-03-30,CONCACAF Series,Guyana,Belize,3.0,1.0
2026-03-30,CONCACAF Series,Dominica,Sint Maarten,0.0,0.0
2026-03-31,Friendly,Algeria,Uruguay,0.0,0.0
2026-03-31,Friendly,Argentina,Zambia,5.0,0.0
2026-03-31,Friendly,Austria,South Korea,1.0,0.0
2026-03-31,"Morocco, Capital of African Football",Benin,Guinea,1.0,0.0
2026-03-31,Friendly,Brazil,Croatia,3.0,1.0
2026-03-31,Friendly,Burkina Faso,Guinea-Bissau,1.0,1.0
2026-03-31,Friendly,Canada,Tunisia,0.0,0.0
2026-03-31,Friendly,Costa Rica,Iran,0.0,5.0
2026-03-31,Friendly,England,Japan,0.0,1.0
2026-03-31,Friendly,Equatorial Guinea,Madagascar,1.0,1.0
2026-03-31,Friendly,Haiti,Iceland,1.0,1.0
2026-03-31,Friendly,Hungary,Greece,0.0,0.0
2026-03-31,Friendly,Ivory Coast,Scotland,1.0,0.0
2026-03-31,Friendly,Jordan,Nigeria,2.0,2.0
2026-03-31,"Morocco, Capital of African Football",Liberia,Libya,2.0,2.0
2026-03-31,Mukuru 4 Nations,Botswana,Malawi,1.0,0.0
2026-03-31,Friendly,Mexico,Belgium,1.0,1.0
2026-03-31,Friendly,Montenegro,Slovenia,2.0,3.0
2026-03-31,Friendly,Morocco,Paraguay,2.0,1.0
2026-03-31,Friendly,Netherlands,Ecuador,1.0,1.0
2026-03-31,"Morocco, Capital of African Football",Niger,Togo,0.0,1.0
2026-03-31,Friendly,Norway,Switzerland,0.0,0.0
2026-03-31,Friendly,Peru,Honduras,2.0,2.0
2026-03-31,Friendly,Russia,Mali,0.0,0.0
2026-03-31,Friendly,Republic of Ireland,North Macedonia,0.0,0.0
2026-03-31,Friendly,San Marino,Andorra,0.0,0.0
2026-03-31,Friendly,Senegal,Gambia,3.0,1.0
2026-03-31,Friendly,Serbia,Saudi Arabia,2.0,1.0
2026-03-31,Friendly,Slovakia,Romania,2.0,0.0
2026-03-31,Friendly,South Africa,Panama,1.0,2.0
2026-03-31,Friendly,Spain,Egypt,0.0,0.0
2026-03-31,Friendly,Ukraine,Albania,1.0,0.0
2026-03-31,Friendly,United States,Portugal,0.0,2.0
2026-03-31,Friendly,Wales,Northern Ireland,1.0,1.0
2026-03-31,FIFA World Cup qualification,DR Congo,Jamaica,1.0,0.0
2026-03-31,FIFA World Cup qualification,Iraq,Bolivia,2.0,1.0
2026-03-31,FIFA World Cup qualification,Bosnia and Herzegovina,Italy,1.0,1.0
2026-03-31,FIFA World Cup qualification,Sweden,Poland,3.0,2.0
2026-03-31,FIFA World Cup qualification,Kosovo,Turkey,0.0,1.0
2026-03-31,FIFA World Cup qualification,Czech Republic,Denmark,2.0,2.0
2026-03-31,FIFA Series,Cameroon,China,2.0,0.0
2026-03-31,FIFA Series,Australia,Curaçao,5.0,1.0
2026-03-31,FIFA Series,Kazakhstan,Comoros,1.0,0.0
2026-05-16,Friendly,Republic of Ireland,Grenada,5.0,0.0
2026-05-22,Friendly,Mexico,Ghana,2.0,0.0
2026-05-26,Friendly,Morocco,Burundi,5.0,0.0
2026-05-26,Unity Cup,Nigeria,Zimbabwe,2.0,0.0
2026-05-27,Unity Cup,India,Jamaica,0.0,2.0
2026-05-28,Friendly,Republic of Ireland,Qatar,1.0,0.0
2026-05-28,Friendly,Egypt,Russia,1.0,0.0
2026-05-29,Friendly,Andorra,Iraq,0.0,1.0
2026-05-29,Friendly,Bosnia and Herzegovina,North Macedonia,0.0,0.0
2026-05-29,Friendly,Iran,Gambia,3.0,1.0
2026-05-29,Friendly,South Africa,Nicaragua,0.0,0.0
2026-05-30,Friendly,Ecuador,Saudi Arabia,2.0,1.0
2026-05-30,Friendly,South Korea,Trinidad and Tobago,5.0,0.0
2026-05-30,Friendly,Mexico,Australia,1.0,0.0
2026-05-30,Friendly,Scotland,Curaçao,4.0,1.0
2026-05-30,Unity Cup,Zimbabwe,India,1.0,0.0
2026-05-30,Unity Cup,Nigeria,Jamaica,3.0,0.0
2026-05-31,Friendly,Brazil,Panama,6.0,2.0
2026-05-31,Friendly,Cape Verde,Serbia,3.0,0.0
2026-05-31,Friendly,Czech Republic,Kosovo,2.0,1.0
2026-05-31,Friendly,Germany,Finland,4.0,0.0
2026-05-31,Friendly,Poland,Ukraine,0.0,2.0
2026-05-31,Friendly,Singapore,Mongolia,4.0,0.0
2026-05-31,Friendly,Switzerland,Jordan,4.0,1.0
2026-05-31,Friendly,United States,Senegal,3.0,2.0
2026-05-31,Friendly,Japan,Iceland,1.0,0.0
2026-06-01,Friendly,Austria,Tunisia,1.0,0.0
2026-06-01,Friendly,Bulgaria,Montenegro,0.0,1.0
2026-06-01,Friendly,Canada,Uzbekistan,2.0,0.0
2026-06-01,Friendly,Colombia,Costa Rica,3.0,1.0
2026-06-01,Friendly,Norway,Sweden,3.0,1.0
2026-06-01,Friendly,Slovakia,Malta,2.0,1.0
2026-06-01,Friendly,Turkey,North Macedonia,4.0,0.0
2026-06-01,Diamond Jubilee International Football Tournament,Maldives,Afghanistan,0.0,1.0
2026-06-02,Friendly,Croatia,Belgium,0.0,2.0
2026-06-02,Friendly,Georgia,Romania,1.0,1.0
2026-06-02,Friendly,Haiti,New Zealand,4.0,0.0
2026-06-02,Friendly,Morocco,Madagascar,4.0,0.0
2026-06-02,Friendly,Wales,Ghana,1.0,1.0
2026-06-03,Friendly,Albania,Israel,0.0,1.0
2026-06-03,Friendly,DR Congo,Denmark,0.0,0.0
2026-06-03,Friendly,Gibraltar,British Virgin Islands,4.0,0.0
2026-06-03,Friendly,South Korea,El Salvador,1.0,0.0
2026-06-03,Friendly,Luxembourg,Italy,0.0,1.0
2026-06-03,Friendly,Netherlands,Algeria,0.0,1.0
2026-06-03,Friendly,Panama,Dominican Republic,4.0,2.0
2026-06-03,Friendly,Poland,Nigeria,2.0,2.0
2026-06-03,Friendly,Philippines,Guam,5.0,1.0
2026-06-01,Diamond Jubilee International Football Tournament,Maldives,Pakistan,0.0,3.0
2026-06-04,Friendly,Andorra,Liechtenstein,2.0,0.0
2026-06-04,Friendly,Cambodia,Bhutan,4.0,0.0
2026-06-04,Friendly,France,Ivory Coast,1.0,2.0
2026-06-04,Friendly,Guatemala,Czech Republic,1.0,5.0
2026-06-04,Friendly,Iran,Mali,2.0,0.0
2026-06-04,Friendly,Lesotho,Kenya,1.0,1.0
2026-06-04,Friendly,Mexico,Serbia,5.0,1.0
2026-06-04,Friendly,Northern Ireland,Guinea,1.0,0.0
2026-06-04,Friendly,Slovenia,Cyprus,1.0,1.0
2026-06-04,Friendly,Spain,Iraq,1.0,1.0
2026-06-04,Friendly,Sweden,Greece,2.0,2.0
2026-06-05,Friendly,Angola,Mauritania,1.0,1.0
2026-06-05,Friendly,Azerbaijan,Malta,0.0,2.0
2026-06-05,Friendly,Belarus,Syria,4.0,1.0
2026-06-05,Friendly,Canada,Republic of Ireland,1.0,1.0
2026-06-05,Friendly,Georgia,Bahrain,2.0,0.0
2026-06-05,Friendly,Haiti,Peru,1.0,2.0
2026-06-05,Friendly,Hong Kong,Mongolia,2.0,0.0
2026-06-05,Friendly,Hungary,Finland,2.0,1.0
2026-06-05,Friendly,Indonesia,Oman,3.0,0.0
2026-06-05,Friendly,Moldova,Bulgaria,2.0,2.0
2026-06-05,Friendly,Paraguay,Nicaragua,4.0,0.0
2026-06-05,Friendly,San Marino,Bangladesh,1.0,2.0
2026-06-05,Friendly,Singapore,China,1.0,2.0
2026-06-05,Friendly,Slovakia,Montenegro,2.0,2.0
2026-06-05,Friendly,Tajikistan,India,3.0,1.0
2026-06-05,Friendly,Thailand,Kuwait,2.0,2.0
2026-06-05,Friendly,Russia,Burkina Faso,3.0,0.0
2026-06-05,Friendly,Benin,Niger,1.0,1.0
2026-06-05,Friendly,Central African Republic,Togo,1.0,1.0
2026-06-05,Friendly,Puerto Rico,Saudi Arabia,0.0,3.0
2026-06-06,Friendly,Vanuatu,Fiji,2.0,1.0
2026-06-06,Friendly,Albania,Luxembourg,0.0,1.0
2026-06-06,Friendly,Argentina,Honduras,2.0,0.0
2026-06-06,Friendly,Armenia,Kazakhstan,1.0,1.0
2026-06-06,Friendly,Australia,Switzerland,1.0,1.0
2026-06-06,Friendly,Belgium,Tunisia,5.0,0.0
2026-06-06,Friendly,Bermuda,Cape Verde,3.0,0.0
2026-06-06,Friendly,Bolivia,Scotland,0.0,4.0
2026-06-06,Friendly,Brazil,Egypt,2.0,1.0
2026-06-06,Friendly,Curaçao,Aruba,4.0,0.0
2026-06-06,Friendly,England,New Zealand,1.0,0.0
2026-06-06,Friendly,Sierra Leone,Liberia,1.0,0.0
2026-06-06,Friendly,Ethiopia,Malawi,1.0,0.0
2026-06-06,Friendly,Gibraltar,Cayman Islands,4.0,1.0
2026-06-06,Friendly,Jamaica,South Africa,0.0,1.0
2026-06-06,Friendly,Kyrgyzstan,Palestine,0.0,0.0
2026-06-06,Friendly,Panama,Bosnia and Herzegovina,1.0,1.0
2026-06-06,Friendly,Portugal,Chile,2.0,1.0
2026-06-06,Friendly,Qatar,El Salvador,0.0,0.0
2026-06-06,Friendly,Romania,Wales,2.0,1.0
2026-06-06,Friendly,United States,Germany,1.0,2.0
2026-06-06,Friendly,British Virgin Islands,Bonaire,2.0,0.0
2026-06-06,Friendly,Gibraltar,Cayman Islands,4.0,1.0
2026-06-06,Friendly,Venezuela,Turkey,1.0,2.0
2026-06-06,Tri-Nations Cup,Myanmar,Guam,6.0,1.0
2026-06-06,Baltic Cup,Lithuania,Latvia,1.0,1.0
2026-06-06,Baltic Cup,Estonia,Faroe Islands,1.0,0.0
2026-06-07,Diamond Jubilee International Football Tournament,Afghanistan,Pakistan,0.0,2.0
2026-06-07,Friendly,Croatia,Slovenia,2.0,1.0
2026-06-07,Friendly,Ecuador,Guatemala,3.0,0.0
2026-06-07,Friendly,Greece,Italy,0.0,1.0
2026-06-07,Friendly,Jordan,Colombia,0.0,2.0
2026-06-07,Friendly,Kosovo,Andorra,3.0,0.0
2026-06-07,Friendly,Liechtenstein,Cyprus,0.0,2.0
2026-06-07,Friendly,Morocco,Norway,1.0,1.0
2026-06-07,Friendly,Denmark,Ukraine,2.0,1.0
2026-06-08,Friendly,France,Northern Ireland,3.0,1.0
2026-06-08,Friendly,Netherlands,Uzbekistan,2.0,1.0
2026-06-08,Friendly,Peru,Spain,1.0,3.0
2026-06-08,Friendly,Mauritania,Niger,1.0,0.0
2026-06-09,Friendly,Angola,Central African Republic,3.0,0.0
2026-06-09,Friendly,Argentina,Iceland,3.0,0.0
2026-06-09,Friendly,Armenia,Moldova,1.0,1.0
2026-06-09,Friendly,Azerbaijan,San Marino,2.0,1.0
2026-06-09,Friendly,Belarus,Burkina Faso,2.0,2.0
2026-06-09,Friendly,Cambodia,Hong Kong,2.0,0.0
2026-06-09,Friendly,China,Thailand,0.0,0.0
2026-06-09,Friendly,DR Congo,Chile,1.0,2.0
2026-06-09,Friendly,Equatorial Guinea,Comoros,0.0,1.0
2026-06-09,Friendly,Ethiopia,Malawi,1.0,1.0
2026-06-09,Friendly,Hungary,Kazakhstan,3.0,1.0
2026-06-09,Friendly,Indonesia,Mozambique,1.0,0.0
2026-06-09,Friendly,Kyrgyzstan,Palestine,0.0,0.0
2026-06-09,Friendly,Saudi Arabia,Senegal,0.0,0.0
2026-06-09,Friendly,Tajikistan,India,1.0,1.0
2026-06-09,Tri-Nations Cup,Philippines,Myanmar,5.0,1.0
2026-06-09,Baltic Cup,Latvia,Faroe Islands,0.0,1.0
2026-06-09,Baltic Cup,Estonia,Lithuania,1.0,0.0
2026-06-09,Friendly,Russia,Trinidad and Tobago,3.0,0.0
2026-06-09,Friendly,Togo,Benin,5.0,1.0
2026-06-09,Friendly,Liberia,Sierra Leone,3.0,1.0
2026-06-09,Friendly,Iraq,Venezuela,0.0,2.0
2026-06-10,Friendly,Bolivia,Algeria,0.0,4.0
2026-06-10,Friendly,England,Costa Rica,3.0,0.0
2026-06-10,Friendly,Portugal,Nigeria,2.0,1.0
2026-06-10,Diamond Jubilee International Football Tournament,Afghanistan,Pakistan,0.0,2.0
2026-06-11,FIFA World Cup,Mexico,South Africa,2.0,0.0
2026-06-11,FIFA World Cup,South Korea,Czech Republic,2.0,1.0
2026-06-12,FIFA World Cup,Canada,Bosnia and Herzegovina,1.0,1.0
2026-06-12,FIFA World Cup,United States,Paraguay,4.0,1.0
2026-06-13,FIFA World Cup,Qatar,Switzerland,1.0,1.0
2026-06-13,FIFA World Cup,Brazil,Morocco,1.0,1.0
2026-06-13,FIFA World Cup,Haiti,Scotland,0.0,1.0
2026-06-13,FIFA World Cup,Australia,Turkey,2.0,0.0
2026-06-14,FIFA World Cup,Germany,Curaçao,7.0,1.0
2026-06-14,FIFA World Cup,Ivory Coast,Ecuador,1.0,0.0
2026-06-14,FIFA World Cup,Netherlands,Japan,2.0,2.0
2026-06-14,FIFA World Cup,Sweden,Tunisia,5.0,1.0
2026-06-15,FIFA World Cup,Belgium,Egypt,1.0,1.0
2026-06-15,FIFA World Cup,Iran,New Zealand,2.0,2.0
2026-06-15,FIFA World Cup,Spain,Cape Verde,0.0,0.0
2026-06-15,FIFA World Cup,Saudi Arabia,Uruguay,1.0,1.0
2026-06-16,FIFA World Cup,France,Senegal,3.0,1.0
2026-06-16,FIFA World Cup,Iraq,Norway,1.0,4.0
2026-06-16,FIFA World Cup,Argentina,Algeria,3.0,0.0
2026-06-16,FIFA World Cup,Austria,Jordan,3.0,1.0
2026-06-17,FIFA World Cup,Portugal,DR Congo,1.0,1.0
2026-06-17,FIFA World Cup,Uzbekistan,Colombia,1.0,3.0
2026-06-17,FIFA World Cup,England,Croatia,4.0,2.0
2026-06-17,FIFA World Cup,Ghana,Panama,1.0,0.0
2026-06-18,FIFA World Cup,Czech Republic,South Africa,1.0,1.0
2026-06-18,FIFA World Cup,Mexico,South Korea,1.0,0.0
2026-06-18,FIFA World Cup,Switzerland,Bosnia and Herzegovina,4.0,1.0
2026-06-18,FIFA World Cup,Canada,Qatar,6.0,0.0
2026-06-19,FIFA World Cup,Scotland,Morocco,0.0,1.0
2026-06-19,FIFA World Cup,Brazil,Haiti,3.0,0.0
2026-06-19,FIFA World Cup,United States,Australia,2.0,0.0
2026-06-19,FIFA World Cup,Turkey,Paraguay,0.0,1.0
2026-06-20,FIFA World Cup,Germany,Ivory Coast,2.0,1.0
2026-06-20,FIFA World Cup,Ecuador,Curaçao,0.0,0.0
2026-06-20,FIFA World Cup,Netherlands,Sweden,5.0,1.0
2026-06-20,FIFA World Cup,Tunisia,Japan,0.0,4.0
2026-06-21,FIFA World Cup,Belgium,Iran,0.0,0.0
2026-06-21,FIFA World Cup,New Zealand,Egypt,1.0,3.0
2026-06-21,FIFA World Cup,Spain,Saudi Arabia,4.0,0.0
2026-06-21,FIFA World Cup,Uruguay,Cape Verde,2.0,2.0
2026-06-22,FIFA World Cup,France,Iraq,3.0,0.0
2026-06-22,FIFA World Cup,Norway,Senegal,3.0,2.0
2026-06-22,FIFA World Cup,Argentina,Austria,2.0,0.0
2026-06-22,FIFA World Cup,Jordan,Algeria,1.0,2.0
2026-06-23,FIFA World Cup,Portugal,Uzbekistan,5.0,0.0
2026-06-23,FIFA World Cup,Colombia,DR Congo,1.0,0.0
2026-06-23,FIFA World Cup,England,Ghana,0.0,0.0
2026-06-23,FIFA World Cup,Panama,Croatia,0.0,1.0
2026-06-24,FIFA World Cup,Mexico,Czech Republic,3.0,0.0
2026-06-24,FIFA World Cup,South Africa,South Korea,1.0,0.0
2026-06-24,FIFA World Cup,Canada,Switzerland,1.0,2.0
2026-06-24,FIFA World Cup,Bosnia and Herzegovina,Qatar,3.0,1.0
2026-06-24,FIFA World Cup,Scotland,Brazil,0.0,3.0
2026-06-24,FIFA World Cup,Morocco,Haiti,4.0,2.0
2026-06-25,FIFA World Cup,United States,Turkey,2.0,3.0
2026-06-25,FIFA World Cup,Paraguay,Australia,0.0,0.0
2026-06-25,FIFA World Cup,Curaçao,Ivory Coast,0.0,2.0
2026-06-25,FIFA World Cup,Ecuador,Germany,2.0,1.0
2026-06-25,FIFA World Cup,Japan,Sweden,1.0,1.0
2026-06-25,FIFA World Cup,Tunisia,Netherlands,1.0,3.0
2026-06-26,FIFA World Cup,Egypt,Iran,1.0,1.0
2026-06-26,FIFA World Cup,New Zealand,Belgium,1.0,5.0
2026-06-26,FIFA World Cup,Cape Verde,Saudi Arabia,0.0,0.0
2026-06-26,FIFA World Cup,Uruguay,Spain,0.0,1.0
2026-06-26,FIFA World Cup,Norway,France,1.0,4.0
2026-06-26,FIFA World Cup,Senegal,Iraq,5.0,0.0
2026-06-27,FIFA World Cup,Algeria,Austria,3.0,3.0
2026-06-27,FIFA World Cup,Jordan,Argentina,1.0,3.0
2026-06-27,FIFA World Cup,Colombia,Portugal,0.0,0.0
2026-06-27,FIFA World Cup,DR Congo,Uzbekistan,3.0,1.0
2026-06-27,FIFA World Cup,Panama,England,0.0,2.0
2026-06-27,FIFA World Cup,Croatia,Ghana,2.0,1.0
2026-06-28,FIFA World Cup,South Africa,Canada,0.0,1.0
2026-06-29,FIFA World Cup,Brazil,Japan,2.0,1.0
2026-06-29,FIFA World Cup,Germany,Paraguay,1.0,1.0
2026-06-29,FIFA World Cup,Netherlands,Morocco,1.0,1.0
2026-06-30,FIFA World Cup,Ivory Coast,Norway,,
2026-06-30,FIFA World Cup,France,Sweden,,
2026-06-30,FIFA World Cup,Mexico,Ecuador,,
2026-07-01,FIFA World Cup,England,DR Congo,,
2026-07-01,FIFA World Cup,Belgium,Senegal,,
2026-07-01,FIFA World Cup,United States,Bosnia and Herzegovina,,
2026-07-02,FIFA World Cup,Spain,Austria,,
2026-07-02,FIFA World Cup,Portugal,Croatia,,
2026-07-02,FIFA World Cup,Switzerland,Algeria,,
2026-07-03,FIFA World Cup,Australia,Egypt,,
2026-07-03,FIFA World Cup,Argentina,Cape Verde,,
2026-07-03,FIFA World Cup,Colombia,Ghana,,
2026-07-04,FIFA World Cup,Canada,Morocco,,
